Date,SP500,Futures,Nikkei,FTSE,DAX
04/03/19,2873.4,2879.75,21713.21,7418.28,11954.4
04/04/19,2879.39,2882.75,21724.95,7401.94,11988.01
04/05/19,2892.74,2896,21807.5,7446.87,12009.75
04/08/19,2895.77,2898.25,21761.65,7451.89,11963.4
04/09/19,2878.2,2882.5,21802.59,7425.57,11850.57
04/10/19,2888.21,2894.5,21687.57,7421.91,11905.91
04/11/19,2888.32,2891.75,21711.38,7417.95,11935.2
04/12/19,2907.41,2912.5,21870.56,7437.06,11999.93
04/15/19,2905.58,2909.5,22169.11,7436.87,12020.28
04/16/19,2907.06,2911.5,22221.66,7469.92,12101.32
04/17/19,2900.45,2900.5,22277.97,7471.32,12153.07
04/18/19,2905.03,2910,22090.12,7459.88,12222.39
04/22/19,2907.97,2912.5,22217.9,,
04/23/19,2933.68,2938,22259.74,7523.07,12235.51
04/24/19,2927.25,2930.75,22200,7471.75,12313.16
04/25/19,2926.17,2926.25,22307.58,7434.13,12282.6
04/26/19,2939.88,2941.5,22258.73,7428.19,12315.18
04/29/19,2943.03,2943,,7440.66,12328.02
04/30/19,2945.83,2948.5,,7418.22,12344.08
05/01/19,2923.73,2923,,7385.26,
05/02/19,2917.52,2917.5,,7351.31,12345.42
05/03/19,2945.64,2947.5,,7380.64,12412.75
05/06/19,2932.47,2932.5,,,12286.88
05/07/19,2884.05,2890.75,21923.72,7260.47,12092.74
05/08/19,2879.42,2887.25,21602.59,7271,12179.93
05/09/19,2870.72,2872.75,21402.13,7207.41,11973.92
05/10/19,2881.4,2887,21344.92,7203.29,12059.83
05/13/19,2811.87,2807,21191.28,7163.68,11876.65
05/14/19,2834.41,2839.25,21067.23,7241.6,11991.62
05/15/19,2850.96,2855,21188.56,7296.95,12099.57
05/16/19,2876.32,2878.5,21062.98,7353.51,12310.37
05/17/19,2859.53,2862,21250.09,7348.62,12238.94
05/20/19,2840.23,2844,21301.73,7310.88,12041.29
05/21/19,2864.36,2866,21272.45,7328.92,12143.47
05/22/19,2856.27,2857.5,21283.37,7334.19,12168.74
05/23/19,2822.24,2819.5,21151.14,7231.04,11952.41
05/24/19,2826.06,2831.75,21117.22,7277.73,12011.04
05/28/19,2802.39,2805,21260.14,7268.95,12027.05
05/29/19,2783.02,2780,21003.37,7185.3,11837.81
05/30/19,2788.86,2790.5,20942.53,7218.16,11902.08
05/31/19,2752.06,2752.5,20601.19,7161.71,11726.84
06/03/19,2744.45,2749.5,20410.88,7184.8,11792.81
06/04/19,2803.27,2805,20408.54,7214.29,11971.17
06/05/19,2826.15,2827.75,20776.1,7220.22,11980.81
06/06/19,2843.49,2845.75,20774.04,7259.85,11953.14
06/07/19,2873.34,2875,20884.71,7331.94,12045.38
06/10/19,2886.73,2889.25,21134.42,7375.54,
06/11/19,2885.72,2887,21204.28,7398.45,12155.81
06/12/19,2879.84,2881,21129.72,7367.62,12115.68
06/13/19,2891.64,2894.5,21032,7368.57,12169.05
06/14/19,2886.98,2890.5,21116.89,7345.78,12096.4
06/17/19,2889.67,2892,21124,7357.31,12085.82
06/18/19,2917.75,2921.75,20972.71,7443.04,12331.75
06/19/19,2926.46,2929,21333.87,7403.54,12308.53
06/20/19,2954.18,2955.75,21462.86,7424.44,12355.39
06/21/19,2950.46,2953.9,21258.64,7407.5,12339.92
06/24/19,2945.35,2952,21285.99,7416.69,12274.57
06/25/19,2917.38,2922,21193.81,7422.43,12228.44
06/26/19,2913.78,2918,21086.59,7416.39,12245.32
06/27/19,2924.92,2931,21338.17,7402.33,12271.03
06/28/19,2941.76,2944.25,21275.92,7425.63,12398.8
07/01/19,2964.33,2967.75,21729.97,7497.5,12521.38
07/02/19,2973.01,2979.5,21754.27,7559.19,12526.72
07/03/19,2995.82,3000.25,21638.16,7609.32,12616.24
07/05/19,2990.41,2990.5,21746.38,7553.14,12568.53
07/08/19,2975.95,2978.5,21534.35,7549.27,12543.51
07/09/19,2979.63,2982,21565.15,7536.47,12436.55
07/10/19,2993.07,2997.5,21533.48,7530.69,12373.41
07/11/19,2999.91,3004,21643.53,7509.82,12332.12
07/12/19,3013.77,3015.5,21685.9,7505.97,12323.32
07/15/19,3014.3,3017.25,,7531.72,12387.34
07/16/19,3004.04,3007,21535.25,7577.2,12430.97
07/17/19,2984.42,2985,21469.18,7535.46,12341.03
07/18/19,2995.11,2997.5,21046.24,7493.09,12227.85
07/19/19,2976.61,2977,21466.99,7508.7,12260.07
07/22/19,2985.03,2989,21416.79,7514.93,12289.4
07/23/19,3005.47,3008,21620.88,7556.86,12490.74
07/24/19,3019.56,3021.5,21709.57,7501.46,12522.89
07/25/19,3003.67,3006.5,21756.55,7489.05,12362.1
07/26/19,3025.86,3024.5,21658.15,7549.06,12419.9
07/29/19,3020.97,3021.75,21616.8,7686.61,12417.47
07/30/19,3013.18,3012.25,21709.31,7646.77,12147.24
07/31/19,2980.38,2982.25,21521.53,7586.78,12189.04
08/01/19,2953.56,2952,21540.99,7584.87,12253.15
08/02/19,2932.05,2932.5,21087.16,7407.06,11872.44
08/05/19,2844.74,2830,20720.29,7223.85,11658.51
08/06/19,2881.77,2876,20585.31,7171.69,11567.96
08/07/19,2883.98,2880.5,20516.56,7198.7,11650.15
08/08/19,2938.09,2940,20593.35,7285.9,11845.41
08/09/19,2918.65,2919.75,20684.82,7253.85,11693.8
08/12/19,2883.09,2880.25,,7226.72,11679.68
08/13/19,2926.32,2932,20455.44,7250.9,11750.13
08/14/19,2840.6,2840.75,20655.13,7147.88,11492.66
08/15/19,2847.6,2848.5,20405.65,7067.01,11412.67
08/16/19,2888.68,2891.5,20418.81,7117.15,11562.74
08/19/19,2923.65,2923.75,20563.16,7189.65,11715.37
08/20/19,2900.51,2898.25,20677.22,7125,11651.18
08/21/19,2924.43,2929.25,20618.57,7203.97,11802.85
08/22/19,2922.95,2922.25,20628.01,7128.18,11747.04
08/23/19,2847.11,2855.5,20710.91,7094.98,11611.51
08/26/19,2878.38,2883.25,20261.04,,11658.04
08/27/19,2869.16,2865.5,20456.08,7089.58,11730.02
08/28/19,2887.94,2889.75,20479.42,7114.71,11701.02
08/29/19,2924.58,2926.75,20460.93,7184.32,11838.88
08/30/19,2926.46,2924.75,20704.37,7207.18,11939.28
09/03/19,2906.27,2906,20625.16,7268.19,11910.86
09/04/19,2937.78,2938.5,20649.14,7311.26,12025.04
09/05/19,2976,2972,21085.94,7271.17,12126.78
09/06/19,2978.71,2980.75,21199.57,7282.34,12191.73
09/09/19,2978.43,2978.25,21318.42,7235.81,12226.1
09/10/19,2979.39,2978.5,21392.1,7267.95,12268.71
09/11/19,3000.93,3002,21597.76,7338.03,12359.07
09/12/19,3009.57,3011.75,21759.61,7344.67,12410.25
09/13/19,3007.39,3006.5,21988.29,7367.46,12468.53
09/16/19,2997.96,2999,,7321.41,12380.31
09/17/19,3005.7,3005.5,22001.32,7320.4,12372.61
09/18/19,3006.73,3006.25,21960.71,7314.05,12389.62
09/19/19,3006.79,3006,22044.45,7356.42,12457.7
09/20/19,2992.07,3013.61,22079.09,7344.92,12468.01
09/23/19,2991.78,2997,,7326.08,12342.33
09/24/19,2966.6,2970.25,22098.84,7291.43,12307.15
09/25/19,2984.87,2986.25,22020.15,7289.99,12234.18
09/26/19,2977.62,2980.5,22048.24,7351.08,12288.54
09/27/19,2961.79,2963.75,21878.9,7426.21,12380.94
09/30/19,2976.74,2978.5,21755.84,7408.21,12428.08
10/01/19,2940.25,2937.75,21885.24,7360.32,12263.83
10/02/19,2887.61,2880.5,21778.61,7122.54,11925.25
10/03/19,2910.63,2911.75,21341.74,7077.64,
10/04/19,2952.01,2951,21410.2,7155.38,12012.81
10/07/19,2938.79,2937.5,21375.25,7197.88,12097.43
10/08/19,2893.06,2892.5,21587.78,7143.15,11970.2
10/09/19,2919.4,2919,21456.38,7166.5,12094.26
10/10/19,2938.13,2941,21551.98,7186.36,12164.2
10/11/19,2970.27,2970.75,21798.87,7247.08,12511.65
10/14/19,2966.15,2965.5,,7213.45,12486.56
10/15/19,2995.68,2997.75,22207.21,7211.64,12629.79
10/16/19,2989.69,2991.5,22472.92,7167.95,12670.11
10/17/19,2997.95,2998,22451.86,7182.32,12654.95
10/18/19,2986.2,2988.25,22492.68,7150.57,12633.6
10/21/19,3006.72,3006.5,22548.9,7163.64,12747.96
10/22/19,2995.99,2994.5,,7212.49,12754.69
10/23/19,3004.52,3005.75,22625.38,7260.74,12798.19
10/24/19,3010.29,3004.25,22750.6,7328.25,12872.1
10/25/19,3022.55,3020.25,22799.81,7324.47,12894.51
10/28/19,3039.42,3036.25,22867.27,7331.28,12941.71
10/29/19,3036.89,3035.75,22974.13,7306.26,12939.62
10/30/19,3046.77,3047.75,22843.12,7330.78,12910.23
10/31/19,3037.56,3035.75,22927.04,7248.38,12866.79
11/01/19,3066.91,3063.25,22850.77,7302.42,12961.05
11/04/19,3078.27,3075.75,,7369.69,13136.28
11/05/19,3074.62,3072,23251.99,7388.08,13148.5
11/06/19,3076.78,3075.5,23303.82,7396.65,13179.89
11/07/19,3085.18,3086,23330.32,7406.41,13289.46
11/08/19,3093.08,3090.5,23391.87,7359.38,13228.56
11/11/19,3087.01,3087.5,23331.84,7328.54,13198.37
11/12/19,3091.84,3092,23520.01,7365.44,13283.51
11/13/19,3094.04,3095.5,23319.87,7351.21,13230.07
11/14/19,3096.63,3097,23141.55,7292.76,13180.23
11/15/19,3120.46,3118.25,23303.32,7302.94,13241.75
11/18/19,3122.03,3121.75,23416.76,7307.7,13207.01
11/19/19,3120.18,3118.5,23292.65,7323.8,13221.12
11/20/19,3108.46,3109,23148.57,7262.49,13158.14
11/21/19,3103.54,3104,23038.58,7238.55,13137.7
11/22/19,3110.29,3111.5,23112.88,7326.81,13163.88
11/25/19,3133.64,3132.75,23292.81,7396.29,13246.45
11/26/19,3140.52,3143.75,23373.32,7403.14,13236.42
11/27/19,3153.63,3153.75,23437.77,7429.78,13287.07
11/29/19,3140.98,3143.75,23293.91,7346.53,13236.38
12/02/19,3113.87,3114.25,23529.5,7285.94,12964.68
12/03/19,3093.2,3091,23379.81,7158.76,12989.29
12/04/19,3112.76,3111,23135.23,7188.5,13140.57
12/05/19,3117.43,3117.75,23300.09,7137.85,13054.8
12/06/19,3145.91,3146,23354.4,7239.66,13166.58
12/09/19,3135.96,3134.5,23430.7,7233.9,13105.61
12/10/19,3132.52,3136,23410.19,7213.76,13070.72
12/11/19,3141.63,3143,23391.86,7216.25,13146.74
12/12/19,3168.57,3168,23424.81,7273.47,13221.64
12/13/19,3168.8,3172,24023.1,7353.44,13282.72
12/16/19,3191.45,3194.25,23952.35,7519.05,13407.66
12/17/19,3192.52,3192,24066.12,7525.28,13287.83
12/18/19,3191.14,3194.75,23934.43,7540.75,13222.16
12/19/19,3205.37,3207.1,23864.85,7573.82,13211.96
12/20/19,3221.22,3231.02,23816.63,7582.48,13318.9
12/23/19,3224.01,3227.25,23821.11,7623.59,13300.98
12/24/19,3223.38,3225.75,23830.58,7632.24,
12/26/19,3239.91,3244.5,23924.92,,
12/27/19,3240.02,3237.5,23837.72,7644.9,13337.11
12/30/19,3221.29,3223.5,23656.62,7587.05,13249.01
12/31/19,3230.78,3231,,7542.44,
01/02/20,3257.85,3259,,7604.3,13385.93
01/03/20,3234.85,3235.5,,7622.4,13219.14
01/06/20,3246.28,3243.5,23204.86,7575.34,13126.99
01/07/20,3237.18,3235.25,23575.72,7573.85,13226.83
01/08/20,3253.05,3260.25,23204.76,7574.93,13320.18
01/09/20,3274.7,3276,23739.87,7598.12,13495.06
01/10/20,3265.35,3264.75,23850.57,7587.85,13483.31
01/13/20,3288.13,3289.75,,7617.6,13451.52
01/14/20,3283.15,3288,24025.17,7622.35,13456.49
01/15/20,3289.29,3293.75,23916.58,7642.8,13432.3
01/16/20,3316.81,3316.5,23933.13,7609.81,13429.43
01/17/20,3329.62,3325,24041.26,7674.56,13526.13
01/21/20,3320.79,3319.5,23864.56,7610.7,13555.87
01/22/20,3321.75,3319.75,24031.35,7571.92,13515.75
01/23/20,3325.54,3326,23795.44,7507.67,13388.42
01/24/20,3295.47,3293.5,23827.18,7585.98,13576.68
01/27/20,3243.63,3239.5,23343.51,7412.05,13204.77
01/28/20,3276.24,3278.25,23215.71,7480.69,13323.69
01/29/20,3273.4,3272.5,23379.4,7483.57,13345
01/30/20,3283.66,3289.75,22977.75,7381.96,13157.12
01/31/20,3225.52,3224,23205.18,7286.01,12981.97
02/03/20,3248.92,3245.5,22971.94,7326.31,13045.19
02/04/20,3297.59,3299.5,23084.59,7439.82,13281.74
02/05/20,3334.69,3335,23319.56,7482.48,13478.33
02/06/20,3345.78,3345.25,23873.59,7504.79,13574.82
02/07/20,3327.71,3325.5,23827.98,7466.7,13513.81
02/10/20,3352.09,3353,23685.98,7446.88,13494.03
02/11/20,3357.75,3357.5,,7499.44,13627.84
02/12/20,3379.45,3380.5,23861.21,7534.37,13749.78
02/13/20,3373.94,3377.5,23827.73,7452.03,13745.43
02/14/20,3380.16,3381,23687.59,7409.13,13744.21
02/18/20,3370.29,3369.25,23193.8,7382.01,13681.19
02/19/20,3386.15,3387.25,23400.7,7457.02,13789
02/20/20,3373.23,3369.25,23479.15,7436.64,13664
02/21/20,3337.75,3339.25,23386.74,7403.92,13579.33
02/24/20,3225.89,3226.25,,7156.83,13035.24
02/25/20,3128.21,3132.5,22605.41,7017.88,12790.49
02/26/20,3116.39,3110.25,22426.19,7042.47,12774.88
02/27/20,2978.76,2957,21948.23,6796.4,12367.46
02/28/20,2954.22,2951,21142.96,6580.61,11890.35
03/02/20,3090.23,3065,21344.08,6654.89,11857.87
03/03/20,3003.37,2997,21082.73,6718.2,11985.39
03/04/20,3130.12,3114.75,21100.06,6815.59,12127.69
03/05/20,3023.94,3015.5,21329.12,6705.43,11944.72
03/06/20,2972.37,2964,20749.75,6462.55,11541.87
03/09/20,2746.56,2747.75,19698.76,5965.77,10625.02
03/10/20,2882.23,2865.75,19867.12,5960.23,10475.49
03/11/20,2741.38,2740.25,19416.06,5876.52,10438.68
03/12/20,2480.64,2469,18559.63,5237.48,9161.13
03/13/20,2711.02,2696,17431.05,5366.11,9232.08
03/16/20,2386.13,2416.25,17002.04,5151.08,8742.25
03/17/20,2529.19,2495.5,17011.53,5294.9,8939.1
03/18/20,2398.1,2414,16726.55,5080.58,8441.71
03/19/20,2409.39,2403.25,16552.83,5151.61,8610.43
03/20/20,2304.92,2437.98,,5190.78,8928.95
03/23/20,2237.4,2220.5,16887.78,4993.89,8741.15
03/24/20,2447.33,2438,18092.35,5446.01,9700.57
03/25/20,2475.56,2467,19546.63,5688.2,9874.26
03/26/20,2630.07,2608,18664.6,5815.73,10000.96
03/27/20,2541.47,2524,19389.43,5510.33,9632.52
03/30/20,2626.65,2611.25,19084.97,5563.74,9815.97
03/31/20,2584.59,2569.75,18917.01,5671.96,9935.84
04/01/20,2470.5,2448,18065.41,5454.57,9544.75
04/02/20,2526.9,2516.5,17818.72,5480.22,9570.82
04/03/20,2488.65,2482.75,17820.19,5415.5,9525.77
04/06/20,2663.68,2644.5,18576.3,5582.39,10075.17
04/07/20,2659.41,2642,18950.18,5704.45,10356.7
04/08/20,2749.98,2735,19353.24,5677.73,10332.89
04/09/20,2789.82,2779.75,19345.77,5842.66,10564.74
04/13/20,2761.63,2759.25,19043.4,,
04/14/20,2846.06,2843,19638.81,5791.31,10696.56
04/15/20,2783.36,2775,19550.09,5597.65,10279.76
04/16/20,2799.55,2787.5,19290.2,5628.43,10301.54
04/17/20,2874.56,2870,19897.26,5786.96,10625.78
04/20/20,2823.16,2806.5,19669.12,5812.83,10675.9
04/21/20,2736.56,2732,19280.78,5641.03,10249.85
04/22/20,2799.31,2788.5,19137.95,5770.63,10415.03
04/23/20,2797.8,2780.75,19429.44,5826.61,10513.79
04/24/20,2836.74,2829.5,19262,5752.23,10336.09
04/27/20,2878.48,2869,19783.22,5846.79,10659.99
04/28/20,2863.39,2867.25,19771.19,5958.5,10795.63
04/29/20,2939.51,2941,,6115.25,11107.74
04/30/20,2912.43,2902.5,20193.69,5901.21,10861.64
05/01/20,2830.71,2821.75,19619.35,5763.06,
05/04/20,2842.74,2825.25,,5753.78,10466.8
05/05/20,2868.44,2858.25,,5849.42,10729.46
05/06/20,2848.42,2833.5,,5853.76,10606.2
05/07/20,2881.19,2880,19674.77,5935.98,10759.27
05/08/20,2929.8,2928.5,20179.09,,10904.48
05/11/20,2930.32,2922.75,20390.66,5939.73,10824.99
05/12/20,2870.12,2852.5,20366.48,5994.77,10819.5
05/13/20,2820,2813,20267.05,5904.05,10542.66
05/14/20,2852.5,2847,19914.78,5741.54,10337.02
05/15/20,2863.7,2846.5,20037.47,5799.77,10465.17
05/18/20,2953.91,2948,20133.73,6048.59,11058.87
05/19/20,2922.94,2918.75,20433.45,6002.23,11075.29
05/20/20,2971.61,2968.5,20595.15,6067.16,11223.71
05/21/20,2948.51,2937,20552.31,6015.25,11065.93
05/22/20,2955.45,2953,20388.16,5993.28,11073.87
05/26/20,2991.77,2994.5,21271.17,6067.76,11504.65
05/27/20,3036.13,3035.5,21419.23,6144.25,11657.69
05/28/20,3029.73,3038,21916.31,6218.79,11781.13
05/29/20,3044.31,3042,21877.89,6076.6,11586.85
06/01/20,3055.73,3054,22062.39,6166.42,
06/02/20,3080.82,3077,22325.61,6220.14,12021.28
06/03/20,3122.87,3117.75,22613.76,6382.41,12487.36
06/04/20,3112.35,3110.5,22695.74,6341.44,12430.56
06/05/20,3193.93,3186.75,22863.73,6484.3,12847.68
06/08/20,3232.39,3227.5,23178.1,6472.59,12819.59
06/09/20,3207.18,3205.5,23091.03,6335.72,12617.99
06/10/20,3190.14,3186,23124.95,6329.13,12530.16
06/11/20,3002.1,3010.25,22472.91,6076.7,11970.29
06/12/20,3041.31,3034.75,22305.48,6105.18,11949.28
06/15/20,3066.59,3073,21530.95,6064.7,11911.35
06/16/20,3124.74,3128.75,22582.21,6242.79,12315.66
06/17/20,3113.49,3118,22455.76,6253.25,12382.14
06/18/20,3115.34,3109,22355.46,6224.07,12281.53
06/19/20,3097.74,3161.26,22478.79,6292.6,12330.76
06/22/20,3117.86,3110.75,22437.27,6244.62,12262.97
06/23/20,3131.29,3118.5,22549.05,6320.12,12523.76
06/24/20,3050.33,3049,22534.32,6123.69,12093.94
06/25/20,3083.76,3070.75,22259.79,6147.14,12177.87
06/26/20,3009.05,3007,22512.08,6159.3,12089.39
06/29/20,3053.24,3047.75,21995.04,6225.77,12232.12
06/30/20,3100.29,3090.25,22288.14,6169.74,12310.93
07/01/20,3115.86,3103,22121.73,6157.96,12260.57
07/02/20,3130.01,3129,22145.96,6240.36,12608.46
07/06/20,3179.72,3172,22714.44,6285.94,12733.45
07/07/20,3145.32,3136.5,22614.69,6189.9,12616.8
07/08/20,3169.94,3163.5,22438.65,6156.16,12494.81
07/09/20,3152.05,3141,22529.29,6049.62,12489.46
07/10/20,3185.04,3178.5,22290.81,6095.41,12633.71
07/13/20,3155.22,3148.25,22784.74,6176.19,12799.97
07/14/20,3197.52,3183.5,22587.01,6179.75,12697.36
07/15/20,3226.56,3219.5,22945.5,6292.65,12930.98
07/16/20,3215.57,3194.5,22770.36,6250.69,12874.97
07/17/20,3224.73,3214,22696.42,6290.3,12919.61
07/20/20,3251.84,3245.25,22717.48,6261.52,13046.92
07/21/20,3257.3,3251.25,22884.22,6269.73,13171.83
07/22/20,3276.02,3265.5,22751.61,6207.1,13104.25
07/23/20,3235.66,3227.5,,6211.44,13103.39
07/24/20,3215.63,3204,,6123.82,12838.06
07/27/20,3239.41,3232.25,22715.85,6104.88,12838.66
07/28/20,3218.44,3213,22657.38,6129.26,12835.28
07/29/20,3258.44,3252.5,22397.11,6131.46,12822.26
07/30/20,3246.22,3248.75,22339.23,5989.99,12379.65
07/31/20,3271.12,3263.5,21710,5897.76,12313.36
08/03/20,3294.61,3288.5,22195.38,6032.85,12646.98
08/04/20,3306.51,3300,22573.66,6036,12600.87
08/05/20,3327.77,3316,22514.85,6104.72,12660.25
08/06/20,3349.16,3344.25,22418.15,6026.94,12591.68
08/07/20,3351.28,3344.75,22329.94,6032.18,12674.88
08/10/20,3360.47,3352.75,,6050.59,12687.53
08/11/20,3333.69,3330,22750.24,6154.34,12946.89
08/12/20,3380.35,3370,22843.96,6280.12,13058.63
08/13/20,3373.43,3367.75,23249.61,6185.62,12993.71
08/14/20,3372.85,3361.5,23289.36,6090.04,12901.34
08/17/20,3381.99,3379.75,23096.75,6127.44,12920.66
08/18/20,3389.78,3387,23051.08,6076.62,12881.76
08/19/20,3374.85,3372.75,23110.61,6111.98,12977.33
08/20/20,3385.51,3380.75,22880.62,6013.34,12830
08/21/20,3397.16,3392.5,22920.3,6001.89,12764.8
08/24/20,3431.28,3427.5,22985.51,6104.73,13066.54
08/25/20,3443.62,3443,23296.77,6037.01,13061.62
08/26/20,3478.73,3480.25,23290.86,6045.6,13190.15
08/27/20,3484.55,3485.25,23208.86,5999.99,13096.36
08/28/20,3508.01,3504.5,22882.65,5963.57,13033.2
08/31/20,3500.31,3499,23139.76,,12945.38
09/01/20,3526.65,3527,23138.07,5862.05,12974.25
09/02/20,3580.84,3579.25,23247.15,5940.95,13243.43
09/03/20,3455.06,3461.5,23465.53,5850.86,13057.77
09/04/20,3426.96,3417.5,23205.43,5799.08,12842.66
09/08/20,3331.84,3335.5,23274.13,5930.3,12968.33
09/09/20,3398.96,3400.25,23032.54,6012.84,13237.21
09/10/20,3339.19,3340.5,23235.47,6003.32,13208.89
09/11/20,3340.97,3333.75,23406.49,6032.09,13202.84
09/14/20,3383.54,3382.5,23559.3,6026.25,13193.66
09/15/20,3401.2,3405.25,23454.89,6105.54,13217.67
09/16/20,3385.49,3389.5,23475.53,6078.48,13255.37
09/17/20,3357.01,3361.5,23319.37,6049.92,13208.12
09/18/20,3319.47,3353.6,23360.3,6007.05,13116.25
09/21/20,3281.06,3275,,5804.29,12542.44
09/22/20,3315.57,3299.25,,5829.46,12594.39
09/23/20,3236.92,3231.25,23346.49,5899.26,12642.97
09/24/20,3246.59,3238,23087.82,5822.78,12606.57
09/25/20,3298.46,3287.25,23204.62,5842.67,12469.2
09/28/20,3351.6,3346,23511.62,5927.93,12870.87
09/29/20,3335.47,3333.75,23539.1,5897.5,12825.82
09/30/20,3363,3352,23185.12,5866.1,12760.73
10/01/20,3380.8,3367.75,,5879.45,12730.77
10/02/20,3348.44,3339.25,23029.9,5902.12,12689.04
10/05/20,3408.63,3393,23312.14,5942.94,12828.31
10/06/20,3360.95,3353.25,23433.73,5949.94,12906.02
10/07/20,3419.45,3406.75,23422.82,5946.25,12928.57
10/08/20,3446.83,3437.5,23647.07,5978.03,13042.21
10/09/20,3477.13,3473.25,23619.69,6016.65,13051.23
10/12/20,3534.22,3532.75,23558.69,6001.38,13138.41
10/13/20,3511.93,3504.75,23601.78,5969.71,13018.99
10/14/20,3488.67,3481,23626.73,5935.06,13028.06
10/15/20,3483.34,3475.5,23507.23,5832.52,12703.75
10/16/20,3483.81,3462.25,23410.63,5919.58,12908.99
10/19/20,3426.92,3422.75,23671.13,5884.65,12854.66
10/20/20,3443.12,3432.25,23567.04,5889.22,12736.95
10/21/20,3435.56,3432.5,23639.46,5776.5,12557.64
10/22/20,3453.49,3449.25,23474.27,5785.65,12543.06
10/23/20,3465.39,3451.75,23516.59,5860.28,12645.75
10/26/20,3400.97,3393.5,23494.34,5792.01,12177.18
10/27/20,3390.68,3383,23485.8,5728.99,12063.57
10/28/20,3271.03,3263.5,23418.51,5582.8,11560.51
10/29/20,3310.11,3302.25,23331.94,5581.75,11598.07
10/30/20,3269.96,3264.75,22977.13,5577.27,11556.48
11/02/20,3310.24,3300.5,23295.48,5654.97,11788.28
11/03/20,3369.02,3361.5,,5786.77,12088.98
11/04/20,3443.44,3435,23695.23,5883.26,12324.22
11/05/20,3510.45,3504.75,24105.28,5906.18,12568.09
11/06/20,3509.44,3500.75,24325.23,5910.02,12480.02
11/09/20,3550.5,3544,24839.84,6186.29,13095.97
11/10/20,3545.53,3541,24905.59,6296.85,13163.11
11/11/20,3572.66,3568,25349.6,6382.1,13216.18
11/12/20,3537.01,3532.5,25520.88,6338.94,13052.95
11/13/20,3585.15,3582,25385.87,6316.39,13076.72
11/16/20,3626.91,3623,25906.93,6421.29,13138.61
11/17/20,3609.53,3606.75,26014.62,6365.33,13133.47
11/18/20,3567.79,3565,25728.14,6385.24,13201.89
11/19/20,3581.87,3580,25634.34,6334.35,13086.16
11/20/20,3557.54,3554.25,25527.37,6351.45,13137.25
11/23/20,3577.59,3576,,6333.84,13126.97
11/24/20,3635.41,3632.75,26165.59,6432.17,13292.44
11/25/20,3629.65,3627.25,26296.86,6391.09,13289.8
11/27/20,3638.35,3636.5,26644.71,6367.58,13335.68
11/30/20,3621.63,3623.25,26433.62,6266.19,13291.16
12/01/20,3662.45,3660.5,26787.54,6384.73,13382.3
12/02/20,3669.01,3667.25,26800.98,6463.39,13313.24
12/03/20,3666.72,3664.5,26809.37,6490.27,13252.86
12/04/20,3699.12,3698,26751.24,6550.23,13298.96
12/07/20,3691.96,3690.75,26547.44,6555.39,13271
12/08/20,3702.25,3702,26467.08,6558.82,13278.49
12/09/20,3672.82,3672.5,26817.94,6564.29,13340.26
12/10/20,3668.1,3668.5,26756.24,6599.76,13295.73
12/11/20,3663.46,3661.25,26652.52,6546.75,13114.3
12/14/20,3647.49,3646.5,26732.44,6531.83,13223.16
12/15/20,3694.62,3694.5,26687.84,6513.32,13362.87
12/16/20,3701.17,3700.75,26757.4,6570.91,13565.98
12/17/20,3722.48,3721.25,26806.67,6551.06,13667.25
12/18/20,3709.41,3726.25,26763.39,6529.18,13630.51
12/21/20,3694.92,3685.75,26714.42,6416.32,13246.3
12/22/20,3687.26,3677.25,26436.39,6453.16,13418.11
12/23/20,3690.01,3681.5,26524.79,6495.75,13587.23
12/24/20,3703.06,3695,26668.35,6502.11,
12/28/20,3735.36,3727.5,26854.03,,13790.29
12/29/20,3727.04,3720,27568.15,6602.65,13761.38
12/30/20,3732.04,3724.25,27444.17,6555.82,13718.78
12/31/20,3756.07,3748.75,,6460.52,
01/04/21,3700.65,3692.25,27258.38,6571.88,13726.74
01/05/21,3726.86,3718.25,27158.63,6612.25,13651.22
01/06/21,3748.14,3740.5,27055.94,6841.86,13891.97
01/07/21,3803.79,3795.5,27490.13,6856.96,13968.24
01/08/21,3824.68,3817.5,28139.03,6873.26,14049.53
01/11/21,3799.61,3792,,6798.48,13936.66
01/12/21,3801.19,3794.5,28164.34,6754.11,13925.06
01/13/21,3809.84,3803.75,28456.59,6745.52,13939.71
01/14/21,3795.54,3791.25,28698.26,6801.96,13988.7
01/15/21,3768.25,3762.25,28519.18,6735.71,13787.73
01/19/21,3798.91,3790.5,28633.46,6712.95,13815.06
01/20/21,3851.85,3845,28523.26,6740.39,13921.37
01/21/21,3853.07,3846,28756.86,6715.42,13906.67
01/22/21,3841.47,3834.25,28631.45,6695.07,13873.97
01/25/21,3855.36,3848.5,28822.29,6638.85,13643.95
01/26/21,3849.62,3842.5,28546.18,6654.01,13870.99
01/27/21,3750.77,3744.25,28635.21,6567.37,13620.46
01/28/21,3787.38,3779.25,28197.42,6526.15,13665.93
01/29/21,3714.24,3705.25,27663.39,6407.46,13432.87
02/01/21,3773.86,3765.75,28091.05,6466.42,13622.02
02/02/21,3826.31,3818.25,28362.17,6516.65,13835.16
02/03/21,3830.17,3823.5,28646.5,6507.82,13933.63
02/04/21,3871.74,3864.5,28341.95,6503.72,14060.29
02/05/21,3886.83,3880.25,28779.19,6489.33,14056.72
02/08/21,3915.59,3908,29388.5,6523.53,14059.91
02/09/21,3911.23,3905.5,29505.93,6531.56,14011.8
02/10/21,3909.88,3903,29562.93,6524.36,13932.97
02/11/21,3916.38,3912,,6528.72,14040.91
02/12/21,3934.83,3931,29520.07,6589.79,14049.89
02/16/21,3932.59,3927.75,30467.75,6748.86,14064.6
02/17/21,3931.33,3928,30292.19,6710.9,13909.27
02/18/21,3913.97,3909.5,30236.09,6617.15,13886.93
02/19/21,3906.71,3903,30017.92,6624.02,13993.23
02/22/21,3876.5,3873.5,30156.03,6612.24,13950.04
02/23/21,3881.37,3878,,6625.94,13864.81
02/24/21,3925.43,3922.5,29671.7,6658.97,13976
02/25/21,3829.34,3828,30168.27,6651.96,13879.33
02/26/21,3811.15,3809.25,28966.01,6483.43,13786.29
03/01/21,3901.82,3898.75,29663.5,6588.53,14012.82
03/02/21,3870.29,3867.5,29408.17,6613.75,14039.8
03/03/21,3819.72,3816.75,29559.1,6675.47,14080.03
03/04/21,3768.47,3765.5,28930.11,6650.88,14056.34
03/05/21,3841.94,3839,28864.32,6630.52,13920.69
03/08/21,3821.35,3819.25,28743.25,6719.13,14380.91
03/09/21,3875.44,3873.25,29027.94,6730.34,14437.94
03/10/21,3898.81,3896.5,29036.56,6725.6,14540.25
03/11/21,3939.34,3936.75,29211.64,6736.96,14569.39
03/12/21,3943.34,3942.25,29717.83,6761.47,14502.39
03/15/21,3968.94,3967.5,29766.97,6749.7,14461.42
03/16/21,3962.71,3962.5,29921.09,6803.61,14557.58
03/17/21,3974.12,3974,29914.33,6762.67,14596.61
03/18/21,3915.46,3916.5,30216.75,6779.68,14775.52
03/19/21,3913.1,3912.62,29792.05,6708.71,14621
03/22/21,3940.59,3930,29174.15,6726.1,14657.21
03/23/21,3910.52,3899.75,28995.92,6699.19,14662.02
03/24/21,3889.14,3880.75,28405.52,6712.89,14610.39
03/25/21,3909.52,3900.5,28729.88,6674.83,14621.36
03/26/21,3974.54,3964.75,29176.7,6740.59,14748.94
03/29/21,3971.09,3959,29384.52,6736.17,14817.72
03/30/21,3958.55,3947.75,29432.7,6772.12,15008.61
03/31/21,3972.89,3967.5,29178.8,6713.63,15008.34
04/01/21,4019.87,4010,29388.87,6737.3,15107.17
04/05/21,4077.91,4067.75,30089.25,,
04/06/21,4073.94,4064,29696.63,6823.55,15212.68
04/07/21,4079.95,4070,29730.79,6885.32,15176.36
04/08/21,4097.17,4089,29708.98,6942.22,15202.68
04/09/21,4128.8,4119.5,29768.06,6915.75,15234.16
04/12/21,4127.99,4120.25,29538.73,6889.12,15215
04/13/21,4141.59,4132.75,29751.61,6890.49,15234.36
04/14/21,4124.66,4118,29620.99,6939.58,15209.15
04/15/21,4170.42,4162.5,29642.69,6983.5,15255.33
04/16/21,4185.47,4176.25,29683.37,7019.53,15459.75
04/19/21,4163.26,4155.5,29685.37,7000.08,15368.39
04/20/21,4134.94,4126.5,29100.38,6859.87,15129.51
04/21/21,4173.42,4164.75,28508.55,6895.29,15195.97
04/22/21,4134.98,4127.75,29188.17,6938.24,15320.52
04/23/21,4180.17,4171.5,29020.63,6938.56,15279.62
04/26/21,4187.62,4179.5,29126.23,6963.12,15296.34
04/27/21,4186.72,4179,28991.89,6944.97,15249.27
04/28/21,4183.18,4176.25,29053.97,6963.67,15292.18
04/29/21,4211.47,4203.5,,6961.48,15154.2
04/30/21,4181.17,4174.5,28812.63,6969.81,15135.91
05/03/21,4192.66,4185.75,,,15236.47
05/04/21,4164.66,4158.25,,6923.17,14856.48
05/05/21,4167.59,4160,,7039.3,15170.78
05/06/21,4201.62,4194.25,29331.37,7076.17,15196.74
05/07/21,4232.6,4225.25,29357.82,7129.71,15399.65
05/10/21,4188.43,4183.5,29518.34,7123.68,15400.41
05/11/21,4152.1,4146.25,28608.59,6947.99,15119.75
05/12/21,4063.04,4058.75,28147.51,7004.63,15150.22
05/13/21,4112.5,4107,27448.01,6963.33,15199.68
05/14/21,4173.85,4169,28084.47,7043.61,15416.64
05/17/21,4163.29,4157.75,27824.83,7032.85,15396.62
05/18/21,4127.83,4123,28406.84,7034.24,15386.58
05/19/21,4115.68,4111.5,28044.45,6950.2,15113.56
05/20/21,4159.12,4154.25,28098.25,7019.79,15370.26
05/21/21,4155.86,4151.75,28317.83,7018.05,15437.51
05/24/21,4197.05,4193.75,28364.61,7051.59,
05/25/21,4188.13,4185.5,28553.98,7029.79,15465.09
05/26/21,4195.99,4193,28642.19,7026.93,15450.72
05/27/21,4200.88,4199,28549.01,7019.67,15406.73
05/28/21,4204.11,4202.5,29149.41,7022.61,15519.98
06/01/21,4202.04,4198.5,28814.34,7080.46,15567.36
06/02/21,4208.12,4206.25,28946.14,7108,15602.71
06/03/21,4192.85,4191.25,29058.11,7064.35,15632.67
06/04/21,4229.89,4228.25,28941.52,7069.04,15692.9
06/07/21,4226.52,4225.5,29019.24,7077.22,15677.15
06/08/21,4227.26,4225.75,28963.56,7095.09,15640.6
06/09/21,4219.55,4218.5,28860.8,7081.01,15581.14
06/10/21,4239.18,4238,28958.56,7088.18,15571.22
06/11/21,4247.44,4245.75,28948.73,7134.06,15693.27
06/14/21,4255.15,4254.75,29161.8,7146.68,15673.64
06/15/21,4246.59,4246.5,29441.3,7172.48,15729.52
06/16/21,4223.7,4223,29291.01,7184.95,15710.57
06/17/21,4221.86,4222.25,29018.33,7153.43,15727.67
06/18/21,4166.45,4187.25,28964.08,7017.47,15448.04
06/21/21,4224.79,4213.75,28010.93,7062.29,15603.24
06/22/21,4246.44,4236.25,28884.13,7090.01,15636.33
06/23/21,4241.84,4231.5,28874.89,7074.06,15456.39
06/24/21,4266.49,4256,28875.23,7109.97,15589.23
06/25/21,4280.7,4271.25,29066.18,7136.07,15607.97
06/28/21,4290.61,4280.5,29048.02,7072.97,15554.18
06/29/21,4291.8,4282,28812.61,7087.55,15690.59
06/30/21,4297.5,4288.5,28791.53,7037.47,15531.04
07/01/21,4319.94,4310.75,28707.04,7125.16,15603.81
07/02/21,4352.34,4342.75,28783.28,7123.27,15650.09
07/06/21,4343.54,4334,28643.21,7100.88,15511.38
07/07/21,4358.13,4349.75,28366.95,7151.02,15692.71
07/08/21,4320.82,4313,28118.03,7030.66,15420.64
07/09/21,4369.55,4360,27940.42,7121.88,15687.93
07/12/21,4384.63,4376.5,28569.02,7125.42,15790.51
07/13/21,4369.21,4361.25,28718.24,7124.72,15789.64
07/14/21,4374.3,4367.75,28608.49,7091.19,15788.98
07/15/21,4360.03,4352,28279.09,7012.02,15629.66
07/16/21,4327.16,4318.5,28003.08,7008.09,15540.31
07/19/21,4258.49,4251.25,27652.74,6844.39,15133.2
07/20/21,4323.06,4315.5,27388.16,6881.13,15216.27
07/21/21,4358.69,4350.5,27548,6998.28,15422.5
07/22/21,4367.48,4359.5,,6968.3,15514.54
07/23/21,4411.79,4403,,7027.58,15669.29
07/26/21,4422.3,4414.25,27833.29,7025.43,15618.98
07/27/21,4401.46,4394.5,27970.22,6996.08,15519.13
07/28/21,4400.64,4393.75,27581.66,7016.63,15570.36
07/29/21,4419.15,4411.75,27782.42,7078.42,15640.47
07/30/21,4395.26,4389.5,27283.59,7032.3,15544.39
08/02/21,4387.16,4379.75,27781.02,7081.72,15568.73
08/03/21,4423.15,4415,27641.83,7105.72,15555.08
08/04/21,4402.66,4394.75,27584.08,7123.86,15692.13
08/05/21,4429.1,4421.5,27728.12,7120.43,15744.67
08/06/21,4436.52,4429.5,27820.04,7122.95,15761.45
08/09/21,4432.35,4425.75,,7132.3,15745.41
08/10/21,4436.75,4430,27888.15,7161.04,15770.71
08/11/21,4447.7,4440.5,28070.51,7220.14,15826.09
08/12/21,4460.83,4454.5,28015.02,7193.23,15937.51
08/13/21,4468,4462.5,27977.15,7218.71,15977.44
08/16/21,4479.71,4474,27523.19,7153.98,15925.73
08/17/21,4448.08,4443.5,27424.47,7181.11,15921.95
08/18/21,4400.27,4394.5,27585.91,7169.32,15965.97
08/19/21,4405.8,4401.5,27281.17,7058.86,15765.81
08/20/21,4441.67,4437,27013.25,7087.9,15808.04
08/23/21,4479.53,4475.5,27494.24,7109.02,15852.79
08/24/21,4486.23,4482.5,27732.1,7125.78,15905.85
08/25/21,4496.19,4493,27724.8,7150.12,15860.66
08/26/21,4470,4466.5,27742.29,7124.98,15793.62
08/27/21,4509.37,4505.5,27641.14,7148.01,15851.75
08/30/21,4528.79,4525.25,27789.29,,15887.31
08/31/21,4522.68,4520.5,28089.54,7119.7,15835.09
09/01/21,4524.09,4521.25,28451.02,7149.84,15824.29
09/02/21,4536.95,4535.25,28543.51,7163.9,15840.59
09/03/21,4535.43,4534.5,29128.11,7138.35,15781.2
09/07/21,4520.03,4519.25,29916.14,7149.37,15843.09
09/08/21,4514.07,4512.5,30181.21,7095.53,15610.28
09/09/21,4493.28,4492.25,30008.19,7024.21,15623.15
09/10/21,4458.58,4458.25,30381.84,7029.2,15609.81
09/13/21,4468.73,4469,30447.37,7068.43,15701.42
09/14/21,4443.05,4444.5,30670.1,7034.06,15722.99
09/15/21,4480.7,4481.75,30511.71,7016.49,15616
09/16/21,4473.75,4474.25,30323.34,7027.48,15651.75
09/17/21,4432.99,4464.33,30500.05,6963.64,15490.17
09/20/21,4357.73,4348.25,,6903.91,15132.06
09/21/21,4354.19,4343.25,29839.71,6980.98,15348.53
09/22/21,4395.64,4384,29639.4,7083.37,15506.74
09/23/21,4448.98,4438,,7078.35,15643.97
09/24/21,4455.48,4445.75,30248.81,7051.48,15531.75
09/27/21,4443.11,4433,30240.06,7063.4,15573.88
09/28/21,4352.63,4343.5,30183.96,7028.1,15248.56
09/29/21,4359.46,4349.75,29544.29,7108.16,15365.27
09/30/21,4307.54,4297.75,29452.66,7086.42,15260.69
10/01/21,4357.04,4343.75,28771.07,7027.07,15156.44
10/04/21,4300.46,4291.25,28444.89,7011.01,15036.55
10/05/21,4345.72,4334,27822.12,7077.1,15194.49
10/06/21,4363.55,4354,27528.87,6995.87,14973.33
10/07/21,4399.76,4390,27678.21,7078.04,15250.86
10/08/21,4391.34,4382.25,28048.94,7095.55,15206.13
10/11/21,4361.19,4351,28498.2,7146.85,15199.14
10/12/21,4350.65,4340.75,28230.61,7130.23,15146.87
10/13/21,4363.8,4355,28140.28,7141.82,15249.38
10/14/21,4438.26,4429,28550.93,7207.71,15462.72
10/15/21,4471.37,4462.5,29068.63,7234.03,15587.36
10/18/21,4486.46,4477.5,29025.46,7203.83,15474.47
10/19/21,4519.63,4511.25,29215.52,7217.53,15515.83
10/20/21,4536.19,4528,29255.55,7223.1,15522.92
10/21/21,4549.78,4541.75,28708.58,7190.3,15472.56
10/22/21,4544.9,4536.5,28804.85,7204.55,15542.98
10/25/21,4566.48,4558,28600.41,7222.82,15599.23
10/26/21,4574.79,4565.25,29106.01,7277.62,15757.06
10/27/21,4551.68,4544.5,29098.24,7253.27,15705.81
10/28/21,4596.42,4587.5,28820.09,7249.47,15696.33
10/29/21,4605.38,4597,28892.69,7237.57,15688.77
11/01/21,4613.67,4605.75,29647.08,7288.62,15806.29
11/02/21,4630.65,4623.5,29520.9,7274.81,15954.45
11/03/21,4660.57,4652.25,,7248.89,15959.98
11/04/21,4680.06,4673.25,29794.37,7279.91,16029.65
11/05/21,4697.53,4690.25,29611.57,7303.96,16054.36
11/08/21,4701.7,4694,29507.05,7300.4,16046.52
11/09/21,4685.25,4678.25,29285.46,7274.04,16040.47
11/10/21,4646.71,4642,29106.78,7340.15,16067.83
11/11/21,4649.27,4643,29277.86,7384.18,16083.11
11/12/21,4682.85,4678.25,29609.97,7347.91,16094.07
11/15/21,4682.8,4679,29776.8,7351.86,16148.64
11/16/21,4700.9,4696,29808.12,7326.97,16247.86
11/17/21,4688.67,4686.25,29688.33,7291.2,16251.13
11/18/21,4704.54,4701.5,29598.66,7255.96,16221.73
11/19/21,4697.96,4694.5,29745.87,7223.57,16159.97
11/22/21,4682.94,4679.75,29774.11,7255.46,16115.69
11/23/21,4690.7,4688.5,,7266.69,15937
11/24/21,4701.46,4699,29302.66,7286.32,15878.39
11/26/21,4594.62,4595.75,28751.62,7044.03,15257.04
11/29/21,4655.27,4651,28283.92,7109.95,15280.86
11/30/21,4567,4566.25,27821.76,7059.45,15100.13
12/01/21,4513.04,4508.5,27935.62,7168.68,15472.67
12/02/21,4577.1,4575.75,27753.37,7129.21,15263.11
12/03/21,4538.43,4537.5,28029.57,7122.32,15169.98
12/06/21,4591.67,4590,27927.37,7232.28,15380.79
12/07/21,4686.75,4685,28455.6,7339.9,15813.94
12/08/21,4701.21,4699,28860.62,7337.05,15687.09
12/09/21,4667.45,4667,28725.47,7321.26,15639.26
12/10/21,4712.02,4711,28437.77,7291.78,15623.31
12/13/21,4668.97,4668.75,28640.49,7231.44,15621.72
12/14/21,4634.09,4637,28432.64,7218.64,15453.56
12/15/21,4709.85,4709.5,28459.72,7170.75,15476.35
12/16/21,4668.67,4668.75,29066.32,7260.61,15636.4
12/17/21,4620.64,4636.46,28545.68,7269.92,15531.69
12/20/21,4568.02,4558.5,27937.81,7198.03,15239.67
12/21/21,4649.23,4640.75,28517.59,7297.41,15447.44
12/22/21,4696.56,4686,28562.21,7341.66,15593.47
12/23/21,4725.79,4715.75,28798.37,7373.34,15756.31
12/27/21,4791.19,4782.25,28676.46,,15835.25
12/28/21,4786.35,4778.5,29069.16,,15963.7
12/29/21,4793.06,4784.5,28906.88,7420.69,15852.25
12/30/21,4778.73,4772.25,28791.71,7403.01,15884.86
12/31/21,4766.18,4758.5,,7384.54,
01/03/22,4796.56,4786,,,16020.73
01/04/22,4793.54,4784.25,29301.79,7505.15,16152.61
01/05/22,4700.58,4692.5,29332.16,7516.87,16271.75
01/06/22,4696.05,4687.5,28487.87,7450.37,16052.03
01/07/22,4677.03,4667.75,28478.56,7485.28,15947.74
01/10/22,4670.29,4662.25,,7445.25,15768.27
01/11/22,4713.07,4705,28222.48,7491.37,15941.81
01/12/22,4726.35,4716.25,28765.66,7551.72,16010.32
01/13/22,4659.03,4652,28489.13,7563.85,16031.59
01/14/22,4662.85,4654.75,28124.28,7542.95,15883.24
01/18/22,4577.11,4571.25,28257.25,7563.55,15772.56
01/19/22,4532.76,4524.25,27467.23,7589.66,15809.72
01/20/22,4482.73,4474.75,27772.93,7585.01,15912.33
01/21/22,4397.94,4390,27522.26,7494.13,15603.88
01/24/22,4410.13,4403.75,27588.37,7297.15,15011.13
01/25/22,4356.45,4349,27131.34,7371.46,15123.87
01/26/22,4349.93,4341.5,27011.33,7469.78,15459.39
01/27/22,4326.51,4317.75,26170.3,7554.31,15524.27
01/28/22,4431.85,4423.25,26717.34,7466.07,15318.95
01/31/22,4515.55,4504.25,27001.98,7464.37,15471.2
02/01/22,4546.54,4535,27078.48,7535.78,15619.39
02/02/22,4589.38,4577.25,27533.6,7583,15613.77
02/03/22,4477.44,4469,27241.31,7528.84,15368.47
02/04/22,4500.53,4492.5,27439.99,7516.4,15099.56
02/07/22,4483.87,4475.75,27248.87,7573.47,15206.64
02/08/22,4521.54,4512.5,27284.52,7567.07,15242.38
02/09/22,4587.18,4577.75,27579.87,7643.42,15482.01
02/10/22,4504.08,4497.5,27696.08,7672.4,15490.44
02/11/22,4418.64,4409.5,,7661.02,15425.12
02/14/22,4401.67,4394,27079.59,7531.59,15113.97
02/15/22,4471.07,4464.5,26865.19,7608.92,15412.71
02/16/22,4475.01,4470,27460.4,7603.78,15370.3
02/17/22,4380.26,4374.5,27232.87,7537.37,15267.63
02/18/22,4348.87,4343.5,27122.07,7513.62,15042.51
02/22/22,4304.76,4300,26449.61,7494.21,14693
02/23/22,4225.5,4222,,7498.18,14631.36
02/24/22,4288.7,4284,25970.82,7207.38,14052.1
02/25/22,4384.65,4380,26476.5,7489.46,14567.23
02/28/22,4373.94,4368,26526.82,7458.25,14461.02
03/01/22,4306.26,4303.75,26844.72,7330.2,13904.85
03/02/22,4386.54,4381.75,26393.03,7429.56,14000.11
03/03/22,4363.49,4359.25,26577.27,7238.85,13698.4
03/04/22,4328.87,4327.25,25985.47,6987.14,13094.54
03/07/22,4201.09,4198.5,25221.41,6959.48,12834.65
03/08/22,4170.7,4168.75,24790.95,6964.11,12831.51
03/09/22,4277.88,4275.25,24717.53,7190.72,13847.93
03/10/22,4259.52,4257.25,25690.4,7099.09,13442.1
03/11/22,4204.31,4201.5,25162.78,7155.64,13628.11
03/14/22,4173.11,4172,25307.85,7193.47,13929.11
03/15/22,4262.45,4262,25346.48,7175.7,13917.27
03/16/22,4357.86,4358,25762.01,7291.68,14440.74
03/17/22,4411.67,4410.25,26652.89,7385.34,14388.06
03/18/22,4463.12,4409.35,26827.43,7404.73,14413.09
03/21/22,4461.18,4452.25,,7442.39,14326.97
03/22/22,4511.61,4505,27224.11,7476.72,14473.2
03/23/22,4456.24,4447.5,28040.16,7460.63,14283.65
03/24/22,4520.16,4512.5,28110.39,7467.38,14273.79
03/25/22,4543.06,4536.5,28149.84,7483.35,14305.76
03/28/22,4575.52,4568,27943.89,7473.14,14417.37
03/29/22,4631.6,4625.5,28252.42,7537.25,14820.33
03/30/22,4602.45,4596,28027.25,7578.75,14606.05
03/31/22,4530.41,4530.75,27821.43,7515.68,14414.75
04/01/22,4545.86,4539.25,27665.98,7537.9,14446.48
04/04/22,4582.64,4577.75,27736.47,7558.92,14518.16
04/05/22,4525.12,4520.25,27787.98,7613.72,14424.36
04/06/22,4481.15,4475.75,27350.3,7587.7,14151.69
04/07/22,4500.21,4496.25,26888.57,7551.81,14078.15
04/08/22,4488.28,4483.5,26985.8,7669.56,14283.67
04/11/22,4412.53,4409,26821.52,7618.31,14192.78
04/12/22,4397.45,4393,26334.98,7576.66,14124.95
04/13/22,4446.59,4442.25,26843.49,7580.8,14076.44
04/14/22,4392.59,4387.5,27172,7616.38,14163.85
04/18/22,4391.69,4386.75,26799.71,,
04/19/22,4462.21,4459.25,26985.09,7601.28,14153.46
04/20/22,4459.45,4455.5,27217.85,7629.22,14362.03
04/21/22,4393.66,4390.5,27553.06,7627.95,14502.41
04/22/22,4271.78,4267.25,27105.26,7521.68,14142.09
04/25/22,4296.12,4292.75,26590.78,7380.54,13924.17
04/26/22,4175.2,4170.5,26700.11,7386.19,13756.4
04/27/22,4183.96,4180.25,26386.63,7425.61,13793.94
04/28/22,4287.5,4283.5,26847.9,7509.19,13979.84
04/29/22,4131.93,4127.5,,7544.55,14097.88
05/02/22,4155.38,4151,26818.53,,13939.07
05/03/22,4175.48,4169.25,,7561.33,14039.47
05/04/22,4300.17,4295.25,,7493.45,13970.82
05/05/22,4146.87,4143.25,,7503.27,13902.52
05/06/22,4123.34,4119.5,27003.56,7387.94,13674.29
05/09/22,3991.24,3987.5,26319.34,7216.58,13380.67
05/10/22,4001.05,3996.75,26167.1,7243.22,13534.74
05/11/22,3935.18,3930.25,26213.64,7347.66,13828.64
05/12/22,3930.08,3927.25,25748.72,7233.34,13739.64
05/13/22,4023.89,4019.75,26427.65,7418.15,14027.93
05/16/22,4008.01,4004.75,26547.05,7464.8,13964.38
05/17/22,4088.85,4084.75,26659.75,7518.35,14185.94
05/18/22,3923.68,3922.75,26911.2,7438.09,14007.76
05/19/22,3900.79,3897.75,26402.84,7302.74,13882.3
05/20/22,3901.36,3899.5,26739.03,7389.98,13981.91
05/23/22,3973.75,3971.75,27001.52,7513.44,14175.4
05/24/22,3941.48,3940.5,26748.14,7484.35,13919.75
05/25/22,3978.73,3976.75,26677.8,7522.75,14007.93
05/26/22,4057.84,4055.75,26604.84,7564.92,14231.29
05/27/22,4158.24,4155.75,26781.68,7585.46,14462.19
05/31/22,4132.15,4131.25,27279.8,7607.66,14388.35
06/01/22,4101.23,4099,27457.89,7532.95,14340.47
06/02/22,4176.82,4175.25,27413.88,,14485.17
06/03/22,4108.54,4107,27761.57,,14460.09
06/06/22,4121.43,4120.5,27915.89,7608.22,14653.81
06/07/22,4160.68,4158.75,27943.95,7598.93,14556.62
06/08/22,4115.77,4114,28234.29,7593,14445.99
06/09/22,4017.82,4016.25,28246.53,7476.21,14198.8
06/10/22,3900.86,3899,27824.29,7317.52,13761.83
06/13/22,3749.63,3750.5,26987.44,7205.81,13427.03
06/14/22,3735.48,3736.75,26629.86,7187.46,13304.39
06/15/22,3789.99,3789.25,26326.16,7273.41,13485.29
06/16/22,3666.77,3668.25,26431.2,7044.98,13038.49
06/17/22,3674.84,3663.76,25963,7016.25,13126.26
06/21/22,3764.79,3767.75,26246.31,7152.05,13292.4
06/22/22,3759.89,3762.75,26149.55,7089.22,13144.28
06/23/22,3795.73,3799.75,26171.25,7020.45,12912.59
06/24/22,3911.74,3916.25,26491.97,7208.81,13118.13
06/27/22,3900.11,3903.75,26871.27,7258.32,13186.07
06/28/22,3821.55,3825.5,27049.47,7323.41,13231.82
06/29/22,3818.83,3821.25,26804.6,7312.32,13003.35
06/30/22,3785.38,3789.5,26393.04,7169.28,12783.77
07/01/22,3825.33,3827.25,25935.62,7168.65,12813.03
07/05/22,3831.39,3834,26423.47,7025.47,12401.2
07/06/22,3845.08,3848.25,26107.65,7107.77,12594.52
07/07/22,3902.62,3905,26490.53,7189.08,12843.22
07/08/22,3899.38,3901.25,26517.19,7196.24,13015.23
07/11/22,3854.43,3856.75,26812.3,7196.59,12832.44
07/12/22,3818.8,3823.75,26336.66,7209.86,12905.48
07/13/22,3801.78,3804.5,26478.77,7156.37,12756.32
07/14/22,3790.38,3793.25,26643.39,7039.81,12519.66
07/15/22,3863.16,3865,26788.47,7159.01,12864.72
07/18/22,3830.85,3833.75,,7223.24,12959.81
07/19/22,3936.69,3937.5,26961.68,7296.28,13308.41
07/20/22,3959.9,3962.5,27680.26,7264.31,13281.98
07/21/22,3998.95,4001.25,27803,7270.51,13246.64
07/22/22,3961.63,3965,27914.66,7276.37,13253.68
07/25/22,3966.84,3970,27699.25,7306.3,13210.32
07/26/22,3921.05,3923.25,27655.21,7306.28,13096.93
07/27/22,4023.61,4024.5,27715.75,7348.23,13166.38
07/28/22,4072.43,4073.5,27815.48,7345.25,13282.11
07/29/22,4130.29,4133.5,27801.64,7423.43,13484.05
08/01/22,4118.63,4120.5,27993.35,7413.42,13479.63
08/02/22,4091.19,4093.75,27594.73,7409.11,13449.2
08/03/22,4155.17,4156.25,27741.9,7445.68,13587.56
08/04/22,4151.94,4152.25,27932.2,7448.06,13662.68
08/05/22,4145.19,4146.75,28175.87,7439.74,13573.93
08/08/22,4140.06,4141.75,28249.24,7482.37,13687.69
08/09/22,4122.47,4124.5,27999.96,7488.15,13534.97
08/10/22,4210.24,4210,27819.33,7507.11,13700.93
08/11/22,4207.27,4209.75,,7465.91,13694.51
08/12/22,4280.15,4281,28546.98,7500.89,13795.85
08/15/22,4297.14,4298.25,28871.78,7509.15,13816.61
08/16/22,4305.2,4307.75,28868.91,7536.06,13910.12
08/17/22,4274.04,4276.75,29222.77,7515.75,13626.71
08/18/22,4283.74,4286.5,28942.14,7541.85,13697.41
08/19/22,4228.48,4231.5,28930.33,7550.37,13544.52
08/22/22,4137.99,4141.25,28794.5,7533.79,13230.57
08/23/22,4128.73,4130.5,28452.75,7488.11,13194.23
08/24/22,4140.77,4142.75,28313.47,7471.51,13220.06
08/25/22,4199.12,4201,28479.01,7479.74,13271.96
08/26/22,4057.66,4059.5,28641.38,7427.31,12971.47
08/29/22,4030.61,4031.25,27878.96,,12892.99
08/30/22,3986.16,3987.5,28195.58,7361.63,12961.14
08/31/22,3955,3956.5,28091.53,7284.15,12834.96
09/01/22,3966.85,3968.75,27661.47,7148.5,12630.23
09/02/22,3924.26,3924.5,27650.84,7281.19,13050.27
09/06/22,3908.19,3910.5,27626.51,7300.44,12871.44
09/07/22,3979.87,3980,27430.3,7237.83,12915.97
09/08/22,4006.18,4005.5,28065.28,7262.06,12904.32
09/09/22,4067.36,4067.25,28214.75,7351.07,13088.21
09/12/22,4110.41,4110.75,28542.11,7473.03,13402.27
09/13/22,3932.69,3931.25,28614.63,7385.86,13188.95
09/14/22,3946.01,3947.5,27818.62,7277.3,13028
09/15/22,3901.35,3902,27875.91,7282.07,12956.66
09/16/22,3873.33,3871.24,27567.65,7236.68,12741.26
09/19/22,3899.89,3917.25,,,12803.24
09/20/22,3855.93,3872.75,27688.42,7192.66,12670.83
09/21/22,3789.93,3806.25,27313.13,7237.64,12767.15
09/22/22,3757.99,3772,27153.83,7159.52,12531.63
09/23/22,3693.23,3709,,7018.6,12284.19
09/26/22,3655.04,3670,26431.55,7020.95,12227.92
09/27/22,3647.29,3661,26571.87,6984.59,12139.68
09/28/22,3719.04,3732,26173.98,7005.39,12183.28
09/29/22,3640.47,3654.25,26422.05,6881.59,11975.55
09/30/22,3585.62,3601.5,25937.21,6893.81,12114.36
10/03/22,3678.43,3690.25,26215.79,6908.76,12209.48
10/04/22,3790.93,3803.25,26992.21,7086.46,12670.48
10/05/22,3783.28,3794,27120.53,7052.62,12517.18
10/06/22,3744.52,3756.75,27311.3,6997.27,12470.78
10/07/22,3639.66,3653.25,27116.11,6991.09,12273
10/10/22,3612.39,3625.25,,6959.31,12272.94
10/11/22,3588.84,3599.25,26401.25,6885.23,12220.25
10/12/22,3577.03,3588.5,26396.83,6826.15,12172.26
10/13/22,3669.91,3681.75,26237.42,6850.27,12355.58
10/14/22,3583.07,3597.5,27090.76,6858.79,12437.81
10/17/22,3677.95,3689.25,26775.79,6920.24,12649.03
10/18/22,3719.98,3732.75,27156.14,6936.74,12765.61
10/19/22,3695.16,3707.25,27257.38,6924.99,12741.41
10/20/22,3665.78,3675.25,27006.96,6943.91,12767.41
10/21/22,3752.75,3764,26890.58,6969.73,12730.9
10/24/22,3797.34,3809.25,26974.9,7013.99,12931.45
10/25/22,3859.11,3870.25,27250.28,7013.48,13052.96
10/26/22,3830.6,3841,27431.84,7056.07,13195.81
10/27/22,3807.3,3819.5,27345.24,7073.69,13211.23
10/28/22,3901.06,3911.25,27105.2,7047.67,13243.33
10/31/22,3871.98,3883,27587.46,7094.53,13253.74
11/01/22,3856.1,3866,27678.92,7186.16,13338.74
11/02/22,3759.69,3768.75,27663.39,7144.14,13256.74
11/03/22,3719.89,3727.75,,7188.63,13130.19
11/04/22,3770.55,3779.5,27199.74,7334.84,13459.85
11/07/22,3806.8,3815.25,27527.64,7299.99,13533.52
11/08/22,3828.11,3835.25,27872.11,7306.14,13688.75
11/09/22,3748.57,3755.5,27716.43,7296.25,13666.32
11/10/22,3956.37,3961,27446.1,7375.34,14146.09
11/11/22,3992.93,4000.25,28263.57,7318.04,14224.86
11/14/22,3957.25,3966,27963.47,7385.17,14313.3
11/15/22,3991.73,3999.5,27990.17,7369.44,14378.51
11/16/22,3958.79,3968.5,28028.3,7351.19,14234.03
11/17/22,3946.56,3955.25,27930.57,7346.54,14266.38
11/18/22,3965.34,3974,27899.77,7385.52,14431.86
11/21/22,3949.94,3958,27944.79,7376.85,14379.93
11/22/22,4003.58,4010.25,28115.74,7452.84,14422.35
11/23/22,4027.26,4033,,7465.24,14427.59
11/25/22,4026.12,4032.5,28283.03,7486.67,14541.38
11/28/22,3963.94,3970.25,28162.83,7474.02,14383.36
11/29/22,3957.63,3962,28027.84,7512,14355.45
11/30/22,4080.11,4081.25,27968.99,7573.05,14397.04
12/01/22,4076.57,4081.75,28226.08,7558.49,14490.3
12/02/22,4071.7,4075.5,27777.9,7556.23,14529.39
12/05/22,3998.84,4003.25,27820.4,7567.54,14447.61
12/06/22,3941.26,3945,27885.87,7521.39,14343.19
12/07/22,3933.92,3936.75,27686.4,7489.19,14261.19
12/08/22,3963.51,3965.75,27574.43,7472.17,14264.56
12/09/22,3934.38,3936.25,27901.01,7476.63,14370.72
12/12/22,3990.56,3991.75,27842.33,7445.97,14306.63
12/13/22,4019.65,4022.25,27954.85,7502.89,14497.89
12/14/22,3995.32,3998,28156.21,7495.93,14460.2
12/15/22,3895.75,3897,28051.7,7426.17,13986.23
12/16/22,3852.36,3871.47,27527.12,7332.12,13893.07
12/19/22,3817.66,3845.5,27237.64,7361.31,13942.87
12/20/22,3821.62,3849.25,26568.03,7370.62,13884.66
12/21/22,3878.44,3905.75,26387.72,7497.32,14097.82
12/22/22,3822.39,3849.25,26507.87,7469.28,13914.07
12/23/22,3844.82,3869.75,26235.25,7473.01,13940.93
12/27/22,3829.25,3855,26447.87,,13995.1
12/28/22,3783.22,3807.5,26340.5,7497.19,13925.6
12/29/22,3849.28,3871.75,26093.67,7512.72,14071.72
12/30/22,3839.5,3861,26094.5,7451.74,13923.59
01/03/23,3824.14,3846,,7554.09,14181.67
01/04/23,3852.97,3874.5,25716.86,7585.19,14490.78
01/05/23,3808.1,3829,25820.8,7633.45,14436.31
01/06/23,3895.08,3915.5,25973.85,7699.49,14610.02
01/09/23,3892.09,3913.75,,7724.94,14792.83
01/10/23,3919.25,3940.75,26175.56,7694.49,14774.6
01/11/23,3969.61,3990,26446,7724.98,14947.91
01/12/23,3983.17,4003.5,26449.82,7794.04,15058.3
01/13/23,3999.09,4018.25,26119.52,7844.07,15086.52
01/17/23,3990.97,4009.5,26138.68,7851.03,15187.07
01/18/23,3928.86,3945.75,26791.12,7830.7,15181.8
01/19/23,3898.85,3915.5,26405.23,7747.29,14920.36
01/20/23,3972.61,3988.5,26553.53,7770.59,15033.56
01/23/23,4019.81,4036.5,26906.04,7784.67,15102.95
01/24/23,4016.95,4032.75,27299.19,7757.36,15093.11
01/25/23,4016.22,4032,27395.01,7744.87,15081.64
01/26/23,4060.43,4075.5,27362.75,7761.11,15132.85
01/27/23,4070.56,4084.25,27382.56,7765.15,15150.03
01/30/23,4017.77,4032.5,27433.4,7784.87,15126.08
01/31/23,4076.6,4090,27327.11,7771.7,15128.27
02/01/23,4119.21,4132.25,27346.88,7761.11,15180.74
02/02/23,4179.76,4191.5,27402.05,7820.16,15509.19
02/03/23,4136.48,4147.75,27509.46,7901.8,15476.43
02/06/23,4111.08,4123.5,27693.65,7836.71,15345.91
02/07/23,4164,4175.75,27685.47,7864.71,15320.88
02/08/23,4117.86,4130.5,27606.46,7885.17,15412.05
02/09/23,4081.5,4091.75,27584.35,7911.15,15523.42
02/10/23,4090.46,4099.75,27670.98,7882.45,15307.98
02/13/23,4137.29,4147.25,27427.32,7947.6,15397.34
02/14/23,4136.13,4145.5,27602.77,7953.85,15380.56
02/15/23,4147.6,4158.25,27501.86,7997.83,15506.34
02/16/23,4090.41,4099.75,27696.44,8012.53,15533.64
02/17/23,4079.09,4087.5,27513.13,8004.36,15482
02/21/23,3997.34,4005.75,27473.1,7977.75,15397.62
02/22/23,3991.05,3999,27104.32,7930.63,15399.89
02/23/23,4012.32,4018.75,,7907.72,15475.69
02/24/23,3970.04,3975.75,27453.48,7878.66,15209.74
02/27/23,3982.24,3988,27423.96,7935.11,15381.43
02/28/23,3970.15,3975.5,27445.56,7876.28,15365.14
03/01/23,3951.39,3956.5,27516.53,7914.93,15305.02
03/02/23,3981.35,3984.75,27498.87,7944.04,15327.64
03/03/23,4045.64,4049.75,27927.47,7947.11,15578.39
03/06/23,4048.42,4052.5,28237.78,7929.79,15653.58
03/07/23,3986.37,3989.75,28309.16,7919.48,15559.53
03/08/23,3992.01,3995,28444.19,7929.92,15631.87
03/09/23,3918.32,3920,28623.15,7879.98,15633.21
03/10/23,3861.59,3862.75,28143.97,7748.35,15427.97
03/13/23,3855.76,3856.75,27832.96,7548.63,14959.47
03/14/23,3919.29,3920.5,27222.04,7637.11,15232.83
03/15/23,3891.93,3892.75,27229.48,7344.45,14735.26
03/16/23,3960.28,3960.5,27010.61,7410.03,14967.1
03/17/23,3916.64,3957.05,27333.79,7335.4,14768.2
03/20/23,3951.57,3983,26945.67,7403.85,14933.38
03/21/23,4002.87,4035.75,,7536.22,15195.34
03/22/23,3936.97,3970.5,27466.61,7566.84,15216.19
03/23/23,3948.72,3978,27419.61,7499.6,15210.39
03/24/23,3970.99,4001.25,27385.25,7405.45,14957.23
03/27/23,3977.53,4007.25,27476.87,7471.77,15127.68
03/28/23,3971.27,4001.5,27518.25,7484.25,15142.02
03/29/23,4027.81,4057.5,27883.78,7564.27,15328.78
03/30/23,4050.83,4080,27782.93,7620.43,15522.4
03/31/23,4109.31,4137.75,28041.48,7631.74,15628.84
04/03/23,4124.51,4153.75,28188.15,7673,15580.92
04/04/23,4100.6,4129,28287.42,7634.52,15603.47
04/05/23,4090.38,4117.25,27813.26,7662.94,15520.17
04/06/23,4105.02,4132,27472.63,7741.56,15597.89
04/10/23,4109.11,4136.25,27633.66,,
04/11/23,4108.94,4136.5,27923.37,7785.72,15655.17
04/12/23,4091.95,4119,28082.7,7824.84,15703.6
04/13/23,4146.22,4172.75,28156.97,7843.38,15729.46
04/14/23,4137.64,4163.75,28493.47,7871.91,15807.5
04/17/23,4151.32,4176.75,28514.78,7879.51,15789.53
04/18/23,4154.87,4180,28658.83,7909.44,15882.67
04/19/23,4154.52,4178.5,28606.76,7898.77,15895.2
04/20/23,4129.79,4152.5,28657.57,7902.61,15795.97
04/21/23,4133.52,4156.75,28564.37,7914.13,15881.66
04/24/23,4137.04,4159.5,28593.52,7912.2,15863.95
04/25/23,4071.63,4093.25,28620.07,7891.13,15872.13
04/26/23,4055.99,4076,28416.47,7852.64,15795.73
04/27/23,4135.35,4153.75,28457.68,7831.58,15800.45
04/28/23,4169.48,4188.5,28856.44,7870.57,15922.38
05/01/23,4167.87,4185.75,29123.18,,
05/02/23,4119.58,4136.75,29157.95,7773.03,15726.94
05/03/23,4090.75,4107.5,,7788.37,15815.06
05/04/23,4061.22,4075.75,,7702.64,15734.24
05/05/23,4136.25,4150.25,,7778.38,15961.02
05/08/23,4138.12,4152.75,28949.88,,15952.83
05/09/23,4119.17,4134,29242.82,7764.09,15955.48
05/10/23,4137.64,4152,29122.18,7741.33,15896.23
05/11/23,4130.62,4143.75,29126.72,7730.58,15834.91
05/12/23,4124.08,4138,29388.3,7754.62,15913.82
05/15/23,4136.28,4150,29626.34,7777.7,15917.24
05/16/23,4109.9,4123,29842.99,7751.08,15897.93
05/17/23,4158.77,4171.5,30093.59,7723.23,15951.3
05/18/23,4198.05,4212,30573.93,7742.3,16163.36
05/19/23,4191.98,4204.75,30808.35,7756.87,16275.38
05/22/23,4192.63,4205,31086.82,7770.99,16223.99
05/23/23,4145.58,4158.75,30957.77,7762.95,16152.86
05/24/23,4115.24,4126,30682.68,7627.1,15842.13
05/25/23,4151.28,4159.75,30801.13,7570.87,15793.8
05/26/23,4205.45,4213.25,30916.31,7627.2,15983.97
05/30/23,4205.52,4215,31328.16,7522.07,15908.91
05/31/23,4179.83,4190.5,30887.88,7446.14,15664.02
06/01/23,4221.02,4228,31148.01,7490.27,15853.66
06/02/23,4282.37,4288,31524.22,7607.28,16051.23
06/05/23,4273.79,4281,32217.43,7599.99,15963.89
06/06/23,4283.85,4289.75,32506.78,7628.1,15992.44
06/07/23,4267.52,4274.25,31913.74,7624.34,15960.56
06/08/23,4293.93,4298.25,31641.27,7599.74,15989.96
06/09/23,4298.86,4304.75,32265.17,7562.36,15949.84
06/12/23,4338.93,4342.75,32434,7570.69,16097.87
06/13/23,4369.01,4371.75,33018.65,7594.78,16230.68
06/14/23,4372.59,4374.25,33502.42,7602.74,16310.79
06/15/23,4425.84,4426.5,33485.49,7628.26,16290.12
06/16/23,4409.59,4453.35,33706.08,7642.72,16357.63
06/20/23,4388.71,4434.75,33388.91,7569.31,16111.32
06/21/23,4365.69,4409.25,33575.14,7559.18,16023.13
06/22/23,4381.89,4423.75,33264.88,7502.03,15988.16
06/23/23,4348.33,4389,32781.54,7461.87,15829.94
06/26/23,4328.82,4370.25,32698.81,7453.58,15813.06
06/27/23,4378.41,4418.75,32538.33,7461.46,15846.86
06/28/23,4376.86,4417.5,33193.99,7500.49,15949
06/29/23,4396.44,4435.75,33234.14,7471.69,15946.72
06/30/23,4450.38,4488.25,33189.04,7531.53,16147.9
07/03/23,4455.59,4492.25,33753.33,7527.26,16081.04
07/05/23,4446.82,4483.75,33338.7,7442.1,15937.58
07/06/23,4411.59,4447,32773.02,7280.5,15528.54
07/07/23,4398.95,4434,32388.42,7256.94,15603.4
07/10/23,4409.53,4444.25,32189.73,7273.79,15673.16
07/11/23,4439.26,4473.5,32203.57,7282.52,15790.34
07/12/23,4472.16,4507.5,31943.93,7416.11,16023
07/13/23,4510.04,4543.5,32419.33,7440.21,16141.03
07/14/23,4505.42,4536.75,32391.26,7434.57,16105.07
07/17/23,4522.79,4553.75,,7406.42,16068.65
07/18/23,4554.98,4587.75,32493.89,7453.69,16125.49
07/19/23,4565.72,4597,32896.03,7588.2,16108.93
07/20/23,4534.87,4565.5,32490.52,7646.05,16204.22
07/21/23,4536.34,4564.75,32304.25,7663.73,16177.22
07/24/23,4554.64,4583.5,32700.94,7678.59,16190.95
07/25/23,4567.46,4596,32682.51,7691.8,16211.59
07/26/23,4566.75,4595.25,32668.34,7676.89,16131.46
07/27/23,4537.41,4564.25,32891.16,7692.76,16406.03
07/28/23,4582.23,4606.5,32759.23,7694.27,16469.75
07/31/23,4588.96,4614.5,33172.22,7699.41,16446.83
08/01/23,4576.73,4601.25,33476.58,7666.27,16240.4
08/02/23,4513.39,4537.25,32707.69,7561.63,16020.02
08/03/23,4501.89,4521.75,32159.28,7529.16,15893.38
08/04/23,4478.03,4498,32192.75,7564.37,15951.86
08/07/23,4518.44,4537.75,32254.56,7554.49,15950.76
08/08/23,4499.38,4518.5,32377.29,7527.42,15774.93
08/09/23,4467.71,4485.75,32204.33,7587.3,15852.58
08/10/23,4468.83,4485.75,32473.65,7618.6,15996.52
08/11/23,4464.05,4480.75,,7524.16,15832.17
08/14/23,4489.72,4506,32059.91,7507.15,15904.25
08/15/23,4437.86,4454,32238.89,7389.64,15767.28
08/16/23,4404.33,4420,31766.82,7356.88,15789.45
08/17/23,4370.36,4384.5,31626,7310.21,15676.9
08/18/23,4369.71,4382.75,31450.76,7262.43,15574.26
08/21/23,4399.77,4412.5,31565.64,7257.82,15603.28
08/22/23,4387.55,4399.25,31856.71,7270.76,15705.62
08/23/23,4436.01,4447,32010.26,7320.53,15728.41
08/24/23,4376.31,4386,32287.21,7333.63,15621.49
08/25/23,4405.71,4414.25,31624.28,7338.58,15631.82
08/28/23,4433.31,4442.25,32169.99,,15792.61
08/29/23,4497.63,4506.75,32226.97,7464.99,15930.88
08/30/23,4514.87,4524.25,32333.46,7473.67,15891.93
08/31/23,4507.66,4516,32619.34,7439.13,15947.08
09/01/23,4515.77,4521.5,32710.62,7464.54,15840.34
09/05/23,4496.83,4502.5,33036.76,7437.93,15771.71
09/06/23,4465.48,4471.5,33241.02,7426.14,15741.37
09/07/23,4451.14,4456.25,32991.08,7441.72,15718.66
09/08/23,4457.49,4461.75,32606.84,7478.19,15744.75
09/11/23,4487.46,4490.25,32467.76,7496.87,15800.99
09/12/23,4461.9,4465,32776.37,7527.53,15715.53
09/13/23,4467.44,4468.75,32706.52,7525.99,15654.03
09/14/23,4505.1,4506,33168.1,7673.08,15805.29
09/15/23,4450.32,4491.72,33533.09,7711.38,15893.53
09/18/23,4453.53,4501.5,,7652.94,15727.12
09/19/23,4443.95,4490,33242.59,7660.2,15664.48
09/20/23,4402.2,4447,33023.78,7731.65,15781.59
09/21/23,4330,4372,32571.03,7678.62,15571.86
09/22/23,4320.06,4361,32402.41,7683.91,15557.29
09/25/23,4337.44,4378.75,32678.62,7623.99,15405.49
09/26/23,4273.53,4314.75,32315.05,7625.72,15255.87
09/27/23,4274.51,4313.5,32371.9,7593.22,15217.45
09/28/23,4299.7,4337.5,31872.52,7601.85,15323.5
09/29/23,4288.05,4325.5,31857.62,7608.08,15386.58
10/02/23,4288.39,4324.25,31759.88,7510.72,15247.21
10/03/23,4229.45,4264.75,31237.94,7470.16,15085.21
10/04/23,4263.75,4297.75,30526.88,7412.45,15099.92
10/05/23,4258.19,4290.75,31075.36,7451.54,15070.22
10/06/23,4308.5,4341.5,30994.67,7494.58,15229.77
10/09/23,4335.66,4368.75,,7492.21,15128.11
10/10/23,4358.24,4391.5,31746.53,7628.21,15423.52
10/11/23,4376.95,4409.75,31936.51,7620.03,15460.01
10/12/23,4349.61,4380.5,32494.66,7644.78,15425.03
10/13/23,4327.78,4357.25,32315.99,7599.6,15186.66
10/16/23,4373.63,4401,31659.03,7630.63,15237.99
10/17/23,4373.2,4401.75,32040.29,7675.21,15251.69
10/18/23,4314.6,4342.25,32042.25,7588,15094.91
10/19/23,4278,4303,31430.62,7499.53,15045.23
10/20/23,4224.16,4248.5,31259.36,7402.14,14798.47
10/23/23,4217.04,4241.75,30999.55,7374.83,14800.72
10/24/23,4247.68,4271.25,31062.35,7389.7,14879.94
10/25/23,4186.77,4209.75,31269.92,7414.34,14892.18
10/26/23,4137.23,4156.5,30601.78,7354.57,14731.05
10/27/23,4117.37,4137.75,30991.69,7291.28,14687.41
10/30/23,4166.82,4185.75,30696.96,7327.39,14716.54
10/31/23,4193.8,4212.25,30858.85,7321.72,14810.34
11/01/23,4237.86,4256,31601.65,7342.43,14923.27
11/02/23,4317.78,4335.75,31949.89,7446.53,15143.6
11/03/23,4358.34,4376,,7417.73,15189.25
11/06/23,4365.98,4384.25,32708.48,7417.76,15135.97
11/07/23,4378.38,4396,32271.82,7410.04,15152.64
11/08/23,4382.78,4399.5,32166.48,7401.72,15229.6
11/09/23,4347.35,4362.25,32646.46,7455.67,15352.54
11/10/23,4415.24,4430.5,32568.11,7360.55,15234.39
11/13/23,4411.55,4425.25,32585.11,7425.83,15345
11/14/23,4495.7,4511,32695.93,7440.47,15614.43
11/15/23,4502.88,4519.25,33519.7,7486.91,15748.17
11/16/23,4508.24,4523.25,33424.41,7410.97,15786.61
11/17/23,4514.02,4527.5,33585.2,7504.25,15919.16
11/20/23,4547.38,4562.25,33388.03,7496.36,15901.33
11/21/23,4538.19,4551.25,33354.14,7481.99,15900.53
11/22/23,4556.62,4567.25,33451.83,7469.51,15957.82
11/24/23,4559.34,4568.25,33625.53,7488.2,16029.49
11/27/23,4550.43,4561,33447.67,7460.7,15966.37
11/28/23,4554.89,4563,33408.39,7455.24,15992.67
11/29/23,4550.58,4559.25,33321.22,7423.46,16166.45
11/30/23,4567.8,4576.75,33486.89,7453.75,16215.43
12/01/23,4594.63,4600.75,33431.51,7529.35,16397.52
12/04/23,4569.78,4576.5,33231.27,7512.96,16404.76
12/05/23,4567.18,4575,32775.82,7489.84,16533.11
12/06/23,4549.34,4556,33445.9,7515.38,16656.44
12/07/23,4585.59,4589.5,32858.31,7513.72,16628.99
12/08/23,4604.37,4607.5,32307.86,7554.47,16759.22
12/11/23,4622.44,4626,32791.8,7544.89,16794.43
12/12/23,4643.7,4645.75,32843.7,7542.77,16791.74
12/13/23,4707.09,4708.25,32926.35,7548.44,16766.05
12/14/23,4719.55,4721.75,32686.25,7648.98,16752.23
12/15/23,4719.19,4694.27,32970.55,7576.36,16751.44
12/18/23,4740.56,4793,32758.98,7614.48,16650.55
12/19/23,4768.37,4820.25,33219.39,7638.03,16744.41
12/20/23,4698.35,4749.75,33675.94,7715.68,16733.05
12/21/23,4746.75,4796.75,33140.47,7694.73,16687.42
12/22/23,4754.63,4805.25,33169.05,7697.51,16706.18
12/26/23,4774.75,4825,33305.85,,
12/27/23,4781.58,4833.5,33681.24,7724.95,16742.07
12/28/23,4783.35,4832.25,33539.62,7722.74,16701.55
12/29/23,4769.83,4820,33464.17,7733.24,16751.64
01/02/24,4742.83,4787.25,,7721.52,16769.36
01/03/24,4704.81,4746.5,,7682.33,16538.39
01/04/24,4688.68,4729.5,33288.29,7723.07,16617.29
01/05/24,4697.24,4734.75,33377.42,7689.61,16594.21
01/08/24,4763.54,4801.25,,7694.19,16716.47
01/09/24,4756.5,4792.75,33763.18,7683.96,16688.36
01/10/24,4783.45,4820.25,34441.72,7651.76,16689.81
01/11/24,4780.24,4815.5,35049.86,7576.59,16547.03
01/12/24,4783.83,4816.5,35577.11,7624.93,16704.56
01/16/24,4765.98,4798.5,35619.18,7558.34,16571.68
01/17/24,4739.21,4771.25,35477.75,7446.29,16431.69
01/18/24,4780.94,4811.25,35466.17,7459.09,16567.35
01/19/24,4839.81,4869.5,35963.27,7461.93,16555.13
01/22/24,4850.43,4881,36546.95,7487.71,16683.36
01/23/24,4864.6,4895,36517.57,7485.73,16627.09
01/24/24,4868.55,4898,36226.48,7527.67,16889.92
01/25/24,4894.16,4923.25,36236.47,7529.73,16906.92
01/26/24,4890.97,4916.25,35751.07,7635.09,16961.39
01/29/24,4927.93,4954.5,36026.94,7632.74,16941.71
01/30/24,4924.97,4951,36065.86,7666.31,16972.34
01/31/24,4845.65,4870.5,36286.71,7630.57,16903.76
02/01/24,4906.19,4928.5,36011.46,7622.16,16859.04
02/02/24,4958.61,4980.25,36158.02,7615.54,16918.21
02/05/24,4942.81,4962,36354.16,7612.86,16904.06
02/06/24,4954.23,4974.75,36160.66,7681.01,17033.24
02/07/24,4995.06,5015.25,36119.92,7628.75,16921.96
02/08/24,4997.91,5017.75,36863.28,7595.48,16963.83
02/09/24,5026.61,5044,36897.42,7572.58,16926.5
02/12/24,5021.84,5041.25,,7573.69,17037.35
02/13/24,4953.17,4971.25,37963.97,7512.28,16880.83
02/14/24,5000.62,5018,37703.32,7568.4,16945.48
02/15/24,5029.73,5046.5,38157.94,7597.53,17046.69
02/16/24,5005.57,5019.75,38487.24,7711.71,17117.44
02/20/24,4975.51,4991.5,38363.61,7719.21,17068.43
02/21/24,4981.8,4996.25,38262.16,7662.51,17118.12
02/22/24,5087.03,5097.75,39098.68,7684.49,17370.45
02/23/24,5088.8,5101.5,,7706.28,17419.33
02/26/24,5069.53,5080.25,39233.71,7684.3,17423.23
02/27/24,5078.18,5090,39239.52,7683.02,17556.49
02/28/24,5069.76,5081,39208.03,7624.98,17601.22
02/29/24,5096.27,5103.75,39166.19,7630.02,17678.19
03/01/24,5137.08,5146,39910.82,7682.5,17735.07
03/04/24,5130.95,5138.25,40109.23,7640.33,17716.17
03/05/24,5078.65,5085.75,40097.63,7646.16,17698.4
03/06/24,5104.76,5111.75,40090.78,7679.31,17716.71
03/07/24,5157.36,5161.75,39598.71,7692.46,17842.85
03/08/24,5123.69,5129,39688.94,7659.74,17814.51
03/11/24,5117.94,5123,38820.49,7669.23,17746.27
03/12/24,5175.27,5177.25,38797.51,7747.81,17965.11
03/13/24,5165.31,5168,38695.97,7772.17,17961.38
03/14/24,5150.48,5153.75,38807.38,7743.15,17942.04
03/15/24,5117.09,5101.67,38707.64,7727.42,17936.65
03/18/24,5149.42,5214.75,39740.44,7722.55,17932.68
03/19/24,5178.51,5241.75,40003.6,7738.3,17987.49
03/20/24,5224.62,5286.75,,7737.38,18015.13
03/21/24,5241.53,5302.5,40815.66,7882.55,18179.25
03/22/24,5234.18,5293.25,40888.43,7930.92,18205.94
03/25/24,5218.19,5278.25,40414.12,7917.57,18261.31
03/26/24,5203.58,5265.25,40398.03,7930.96,18384.35
03/27/24,5248.49,5308.25,40762.73,7931.98,18477.09
03/28/24,5254.35,5308.5,40168.07,7952.62,18492.49
04/01/24,5243.77,5295.25,39803.09,,
04/02/24,5205.81,5260.5,39838.91,7935.09,18283.13
04/03/24,5211.49,5266.5,39451.85,7937.44,18367.72
04/04/24,5147.21,5197.25,39773.14,7975.89,18403.13
04/05/24,5204.34,5253,38992.08,7911.16,18175.04
04/08/24,5202.39,5253.25,39347.04,7943.47,18318.97
04/09/24,5209.91,5260.25,39773.13,7934.79,18076.69
04/10/24,5160.64,5207.75,39581.81,7961.21,18097.3
04/11/24,5199.06,5243.25,39442.63,7923.8,17954.48
04/12/24,5123.41,5167.5,39523.55,7995.58,17930.32
04/15/24,5061.82,5104,39232.8,7965.53,18026.58
04/16/24,5051.41,5092.5,38471.2,7820.36,17766.23
04/17/24,5022.21,5062.25,37961.8,7847.99,17770.02
04/18/24,5011.12,5049,38079.7,7877.05,17837.4
04/19/24,4967.23,5003.75,37068.35,7895.85,17737.36
04/22/24,5010.6,5047.5,37438.61,8023.87,17860.8
04/23/24,5070.55,5106.5,37552.16,8044.81,18137.65
04/24/24,5071.63,5107.5,38460.08,8040.38,18088.7
04/25/24,5048.42,5082.25,37628.48,8078.86,17917.28
04/26/24,5099.96,5131.5,37934.76,8139.83,18161.01
04/29/24,5116.17,5147,,8147.03,18118.32
04/30/24,5035.69,5067,38405.66,8144.13,17932.17
05/01/24,5018.39,5046.5,38274.05,8121.24,
05/02/24,5064.2,5091.5,38236.07,8172.15,17896.5
05/03/24,5127.79,5154.75,,8213.49,17993.69
05/06/24,5180.74,5206.5,,,18175.21
05/07/24,5187.7,5213.75,38835.1,8313.67,18430.05
05/08/24,5187.67,5212.75,38202.37,8354.05,18498.38
05/09/24,5214.08,5239,38073.98,8381.35,18686.6
05/10/24,5222.68,5246.25,38229.11,8433.76,18772.85
05/13/24,5221.42,5245.5,38179.46,8414.99,18742.22
05/14/24,5246.68,5269.5,38356.06,8428.13,18716.42
05/15/24,5308.15,5333,38385.73,8445.8,18869.36
05/16/24,5297.1,5320.25,38920.26,8438.65,18738.81
05/17/24,5303.27,5327.25,38787.38,8420.26,18704.42
05/20/24,5308.13,5331.75,39069.68,8424.2,18768.96
05/21/24,5321.41,5345.25,38946.93,8416.45,18726.76
05/22/24,5307.01,5328,38617.1,8370.33,18680.2
05/23/24,5267.84,5285.25,39103.22,8339.23,18691.32
05/24/24,5304.72,5321.5,38646.11,8317.59,18693.37
05/28/24,5306.04,5324.75,38855.37,8254.18,18677.87
05/29/24,5266.95,5284,38556.87,8183.07,18473.29
05/30/24,5235.48,5253,38054.13,8231.05,18496.79
05/31/24,5277.51,5295.5,38487.9,8275.38,18497.94
06/03/24,5283.4,5297.25,38923.03,8262.75,18608.16
06/04/24,5291.34,5304,38837.46,8232.04,18405.64
06/05/24,5354.03,5366,38490.17,8246.95,18575.94
06/06/24,5352.96,5364,38703.51,8285.34,18652.67
06/07/24,5346.99,5355.75,38683.93,8245.37,18557.27
06/10/24,5360.79,5371.25,39038.16,8228.48,18494.89
06/11/24,5375.32,5384,39134.79,8147.81,18369.94
06/12/24,5421.03,5427.5,38876.71,8215.48,18630.86
06/13/24,5433.74,5438.5,38720.47,8163.67,18265.68
06/14/24,5431.6,5437.5,38814.56,8146.86,18002.02
06/17/24,5473.23,5478.5,38102.44,8142.15,18068.21
06/18/24,5487.03,5491,38482.11,8191.29,18131.97
06/20/24,5473.17,5476.75,38633.02,8272.46,18254.18
06/21/24,5464.62,5471.89,38596.47,8237.72,18163.52
06/24/24,5447.87,5517,38804.65,8281.55,18325.58
06/25/24,5469.3,5537,39173.15,8247.79,18177.62
06/26/24,5477.9,5543.5,39667.07,8225.33,18155.24
06/27/24,5482.87,5546,39341.54,8179.68,18210.55
06/28/24,5460.48,5521.5,39583.08,8164.12,18235.45
07/01/24,5475.09,5533.75,39631.06,8166.76,18290.66
07/02/24,5509.01,5568.75,40074.69,8121.2,18164.06
07/03/24,5537.02,5590.25,40580.76,8171.12,18374.53
07/05/24,5567.19,5621.5,40912.37,8203.93,18475.45
07/08/24,5572.85,5625.25,40780.7,8193.49,18472.05
07/09/24,5576.98,5631.25,41580.17,8139.81,18236.19
07/10/24,5633.91,5688,41831.99,8193.51,18407.22
07/11/24,5584.54,5639.75,42224.02,8223.34,18534.56
07/12/24,5615.35,5664.75,41190.68,8252.91,18748.18
07/15/24,5631.22,5683,,8182.96,18590.89
07/16/24,5667.2,5717.25,41275.08,8164.9,18518.03
07/17/24,5588.27,5639,41097.69,8187.46,18437.3
07/18/24,5544.59,5594.5,40126.35,8204.89,18354.76
07/19/24,5505,5553.75,40063.79,8155.72,18171.93
07/22/24,5564.41,5610.75,39599,8198.78,18407.07
07/23/24,5555.74,5599.25,39594.39,8167.37,18557.7
07/24/24,5427.13,5472,39154.85,8153.69,18387.46
07/25/24,5399.22,5441.25,37869.51,8186.35,18298.72
07/26/24,5459.1,5499,37667.41,8285.71,18417.55
07/29/24,5463.54,5503,38468.63,8292.35,18320.67
07/30/24,5436.44,5472.5,38525.95,8274.41,18411.18
07/31/24,5522.3,5558,39101.82,8367.98,18508.65
08/01/24,5446.68,5480.25,38126.33,8283.36,18083.05
08/02/24,5346.56,5376,35909.7,8174.71,17661.22
08/05/24,5186.33,5217.5,31458.42,8008.23,17339
08/06/24,5240.03,5266.25,34675.46,8026.69,17354.32
08/07/24,5199.5,5227.5,35089.62,8166.88,17615.15
08/08/24,5319.31,5348.25,34831.15,8144.97,17680.4
08/09/24,5344.16,5370.25,35025,8168.1,17722.88
08/12/24,5344.39,5369.75,,8210.25,17726.47
08/13/24,5434.43,5459,36232.51,8235.23,17812.05
08/14/24,5455.21,5477,36442.43,8281.05,17885.6
08/15/24,5543.22,5567.5,36726.64,8347.35,18183.24
08/16/24,5554.25,5578.25,38062.67,8311.41,18322.4
08/19/24,5608.25,5630,37388.62,8356.94,18421.69
08/20/24,5597.12,5619.75,38062.92,8273.32,18357.52
08/21/24,5620.85,5641.5,37951.8,8283.43,18448.95
08/22/24,5570.64,5594,38211.01,8288,18493.39
08/23/24,5634.61,5652.5,38364.27,8327.78,18633.1
08/26/24,5616.84,5637,38110.22,,18617.02
08/27/24,5625.8,5644.75,38288.62,8345.46,18681.81
08/28/24,5592.18,5610.25,38371.76,8343.85,18782.29
08/29/24,5591.96,5610,38362.53,8379.64,18912.57
08/30/24,5648.4,5661,38647.75,8376.63,18906.92
09/03/24,5528.93,5541.75,38686.31,8298.46,18747.11
09/04/24,5520.07,5530,37047.61,8269.6,18591.85
09/05/24,5503.41,5512.25,36657.09,8241.71,18576.5
09/06/24,5408.42,5419.5,36391.47,8181.47,18301.9
09/09/24,5471.05,5479.5,36215.75,8270.84,18443.56
09/10/24,5495.52,5504,36159.16,8205.98,18265.92
09/11/24,5554.13,5561.25,35619.77,8193.94,18330.27
09/12/24,5595.76,5602.25,36833.27,8240.97,18518.39
09/13/24,5626.02,5629.75,36581.76,8273.09,18699.4
09/16/24,5633.09,5638,,8278.44,18633.11
09/17/24,5634.58,5639,36203.22,8309.86,18726.08
09/18/24,5618.26,5620.75,36380.17,8253.68,18711.49
09/19/24,5713.64,5717.75,37155.33,8328.72,19002.38
09/20/24,5702.55,5699.99,37723.91,8229.99,18720.01
09/23/24,5718.57,5776.75,,8259.71,18846.79
09/24/24,5732.93,5792,37940.59,8282.76,18996.63
09/25/24,5722.26,5779,37870.26,8268.7,18918.5
09/26/24,5745.37,5804.5,38925.63,8284.91,19238.36
09/27/24,5738.17,5791.25,39829.56,8320.76,19473.63
09/30/24,5762.48,5814.25,37919.55,8236.95,19324.93
10/01/24,5708.75,5759.75,38651.97,8276.65,19213.14
10/02/24,5709.54,5760.25,37808.76,8290.86,19164.75
10/03/24,5699.94,5749.5,38552.06,8282.52,19015.41
10/04/24,5751.07,5800,38635.62,8280.63,19120.93
10/07/24,5695.94,5744.75,39332.74,8303.62,19104.1
10/08/24,5751.13,5800.5,38937.54,8190.61,19066.47
10/09/24,5792.04,5841.25,39277.96,8243.74,19254.93
10/10/24,5780.05,5829,39380.89,8237.73,19210.9
10/11/24,5815.03,5859.75,39605.8,8253.65,19373.83
10/14/24,5859.85,5908.25,,8292.66,19508.29
10/15/24,5815.26,5862.75,39910.55,8249.28,19486.19
10/16/24,5842.47,5887,39180.3,8329.07,19432.81
10/17/24,5841.47,5887,38911.19,8385.13,19583.39
10/18/24,5864.67,5906,38981.75,8358.25,19657.37
10/21/24,5853.98,5896.25,38954.6,8318.24,19461.19
10/22/24,5851.2,5892.5,38411.96,8306.54,19421.91
10/23/24,5797.42,5837.75,38104.86,8258.64,19377.62
10/24/24,5809.86,5849,38143.29,8269.38,19443
10/25/24,5808.12,5846,37913.92,8248.84,19463.59
10/28/24,5823.52,5861.5,38605.53,8285.62,19531.62
10/29/24,5832.92,5871,38903.68,8219.61,19478.07
10/30/24,5813.67,5852,39277.39,8159.63,19257.34
10/31/24,5705.45,5738.5,39081.25,8110.1,19077.54
11/01/24,5728.8,5758.25,38053.67,8177.15,19254.97
11/04/24,5712.69,5743.25,,8184.24,19147.85
11/05/24,5782.76,5812.25,38474.9,8172.39,19256.27
11/06/24,5929.04,5958.25,39480.67,8166.68,19039.31
11/07/24,5973.1,6003.75,39381.41,8140.74,19362.52
11/08/24,5995.54,6025.25,39500.37,8072.39,19215.48
11/11/24,6001.35,6031.75,39533.32,8125.19,19448.6
11/12/24,5983.99,6013,39376.09,8025.77,19033.64
11/13/24,5985.38,6016,38721.66,8030.33,19003.11
11/14/24,5949.17,5978.25,38535.7,8071.19,19263.7
11/15/24,5870.62,5896.5,38642.91,8063.61,19210.81
11/18/24,5893.62,5920,38220.85,8109.32,19189.19
11/19/24,5916.98,5938.75,38414.43,8099.02,19060.31
11/20/24,5917.11,5937.75,38352.34,8085.07,19004.78
11/21/24,5948.71,5970.5,38026.17,8149.27,19146.17
11/22/24,5969.34,5987,38283.85,8262.08,19322.59
11/25/24,5987.37,6006.5,38780.14,8291.68,19405.2
11/26/24,6021.63,6038.25,38442,8258.61,19295.98
11/27/24,5998.74,6015,38134.97,8274.75,19261.75
11/29/24,6032.38,6051.5,38208.03,8287.3,19626.45
12/02/24,6047.15,6061.75,38513.02,8312.89,19933.62
12/03/24,6049.88,6063.25,39248.86,8359.41,20016.75
12/04/24,6086.49,6098.5,39276.39,8335.81,20232.14
12/05/24,6075.11,6088.75,39395.6,8349.38,20358.8
12/06/24,6090.27,6099,39091.17,8308.61,20384.61
12/09/24,6052.85,6065.75,39160.5,8352.08,20345.96
12/10/24,6034.91,6046.25,39367.58,8280.36,20329.16
12/11/24,6084.19,6092.75,39372.23,8301.62,20399.16
12/12/24,6051.25,6060.75,39849.14,8311.76,20426.27
12/13/24,6051.09,6055.5,39470.44,8300.33,20405.92
12/16/24,6074.08,6080.5,39457.49,8262.05,20313.81
12/17/24,6050.61,6053.75,39364.68,8195.2,20246.37
12/18/24,5872.16,5872.25,39081.71,8199.11,20242.57
12/19/24,5867.08,5868.75,38813.58,8105.32,19969.86
12/20/24,5930.85,5840.26,38701.9,8084.61,19884.75
12/23/24,5974.07,6036,39161.34,8102.72,19848.77
12/24/24,6040.04,6098,39036.85,8136.99,
12/26/24,6037.59,6095.25,39568.06,,
12/27/24,5970.84,6027,40281.16,8149.78,19984.32
12/30/24,5906.94,5958.75,39894.54,8121.01,19909.14
12/31/24,5881.63,5935.75,,8173.02,
01/02/25,5868.55,5916.5,,8260.09,20024.66
01/03/25,5942.47,5989.5,,8223.98,19906.08
01/06/25,5975.38,6020.5,39307.05,8249.66,20216.19
01/07/25,5909.03,5954.25,40083.3,8245.28,20340.57
01/08/25,5918.25,5959.25,39981.06,8251.03,20329.94
01/10/25,5827.04,5866.25,39190.4,8248.49,20214.79
01/13/25,5836.22,5874.5,,8224.19,20132.85
01/14/25,5842.91,5882.25,38474.3,8201.54,20271.33
01/15/25,5949.91,5989,38444.58,8301.13,20574.68
01/16/25,5937.34,5975.5,38572.6,8391.9,20655.39
01/17/25,5996.66,6033.5,38451.46,8505.22,20903.39
01/21/25,6049.24,6084.25,39027.98,8548.29,21042
01/22/25,6086.37,6120.5,39646.25,8545.13,21254.27
01/23/25,6118.71,6152,39958.87,8565.2,21411.53
01/24/25,6101.24,6133.25,39931.98,8502.35,21394.93
01/27/25,6012.28,6046.75,39565.8,8503.71,21282.18
01/28/25,6067.7,6097,39016.87,8533.87,21430.58
01/29/25,6039.31,6067.5,39414.78,8557.81,21637.53
01/30/25,6071.17,6099.25,39513.97,8646.88,21727.2
01/31/25,6040.53,6067.25,39572.49,8673.96,21732.05
02/03/25,5994.57,6022.25,38520.09,8583.56,21428.24
02/04/25,6037.88,6063,38798.37,8570.77,21505.7
02/05/25,6061.48,6086.5,38831.48,8623.29,21585.93
02/06/25,6083.57,6106,39066.53,8727.28,21902.42
02/07/25,6025.99,6049.5,38787.02,8700.53,21787
02/10/25,6066.44,6088.75,38801.17,8767.8,21911.74
02/11/25,6068.5,6092.25,,8777.39,22037.83
02/12/25,6051.97,6072.75,38963.7,8807.44,22148.03
02/13/25,6115.07,6135.25,39461.47,8764.72,22612.02
02/14/25,6114.63,6132,39149.43,8732.46,22513.42
02/18/25,6129.58,6146.75,39270.4,8766.73,22844.5
02/19/25,6144.15,6163,39164.61,8712.53,22433.63
02/20/25,6117.52,6136.5,38678.04,8662.97,22314.65
02/21/25,6013.13,6029,38776.94,8659.37,22287.56
02/24/25,5983.25,6000.75,,8658.98,22425.93
02/25/25,5955.25,5970,38237.79,8668.67,22410.27
02/26/25,5956.06,5970.75,38142.37,8731.46,22794.11
02/27/25,5861.57,5876.25,38256.17,8756.21,22550.89
02/28/25,5954.5,5963.25,37155.5,8809.74,22551.43
03/03/25,5849.72,5860.75,37785.47,8871.31,23147.02
03/04/25,5778.15,5789.5,37331.18,8759,22326.81
03/05/25,5842.63,5851.25,37418.24,8755.84,23081.03
03/06/25,5738.52,5746.25,37704.93,8682.84,23419.48
03/07/25,5770.2,5776,36887.17,8679.88,23008.94
03/10/25,5614.56,5620.75,37028.27,8600.22,22620.95
03/11/25,5572.07,5628,36793.11,8495.99,22328.77
03/12/25,5599.3,5656.5,36819.09,8540.97,22676.41
03/13/25,5521.52,5578.25,36790.03,8542.56,22567.14
03/14/25,5638.94,5692.25,37053.1,8632.33,22986.82
03/17/25,5675.12,5732.25,37396.52,8680.29,23154.57
03/18/25,5614.66,5669.25,37845.42,8705.23,23380.7
03/19/25,5675.29,5729.75,37751.88,8706.66,23288.06
03/20/25,5662.89,5712.75,,8701.99,22999.15
03/21/25,5667.56,5718.25,37677.06,8646.79,22891.68
03/24/25,5767.57,5815.5,37608.49,8638.01,22852.66
03/25/25,5776.65,5826.5,37780.54,8663.8,23109.79
03/26/25,5712.2,5759.5,38027.29,8689.59,22839.03
03/27/25,5693.31,5739.25,37799.97,8666.12,22678.74
03/28/25,5580.94,5623,37120.33,8658.85,22461.52
03/31/25,5611.85,5653.25,35617.56,8582.81,22163.49
04/01/25,5633.07,5674.5,35624.48,8634.8,22539.98
04/02/25,5670.97,5512,35725.87,8608.48,22390.84
04/03/25,5396.52,5432.75,34735.93,8474.74,21717.39
04/04/25,5074.08,5110.25,33780.58,8054.98,20641.72
04/07/25,5062.25,5149.75,31136.58,7702.08,19789.62
04/08/25,4982.77,5020.25,33012.58,7910.53,20280.26
04/09/25,5456.9,5491,31714.03,7679.48,19670.88
04/10/25,5268.05,5302,34609,7913.25,20562.73
04/11/25,5363.36,5391.25,33585.58,7964.18,20374.1
04/14/25,5405.97,5440.75,33982.36,8134.34,20954.83
04/15/25,5396.63,5386.25,34267.54,8249.12,21253.7
