"Date","Price","Open","High","Low","Vol.","Change %"
"04/01/2025","3,114.40","3,141.07","3,156.23","3,110.17","","0.15%"
"03/31/2025","3,109.75","3,166.36","3,166.36","3,105.33","","-3.48%"
"03/28/2025","3,221.82","3,239.22","3,239.22","3,205.24","","-1.57%"
"03/27/2025","3,273.30","3,252.19","3,273.30","3,243.63","","-0.04%"
"03/26/2025","3,274.61","3,272.94","3,287.11","3,262.17","","0.69%"
"03/25/2025","3,252.08","3,258.99","3,265.90","3,242.99","","0.58%"
"03/24/2025","3,233.38","3,251.75","3,253.85","3,233.38","","-0.38%"
"03/21/2025","3,245.59","3,242.93","3,263.77","3,242.93","","2.53%"
"03/07/2025","3,165.46","3,182.67","3,186.72","3,159.60","","-1.64%"
"03/06/2025","3,218.27","3,222.27","3,231.52","3,211.29","","0.32%"
"03/05/2025","3,208.11","3,218.71","3,223.16","3,196.43","","0.12%"
"03/04/2025","3,204.16","3,208.43","3,214.36","3,173.84","","-0.62%"
"03/03/2025","3,224.23","3,218.02","3,226.44","3,190.30","","1.41%"
"02/28/2025","3,179.50","3,232.91","3,236.61","3,160.16","","-2.58%"
"02/27/2025","3,263.64","3,264.35","3,269.08","3,249.91","","0.22%"
"02/26/2025","3,256.56","3,263.84","3,265.10","3,232.34","","-0.35%"
"02/25/2025","3,267.95","3,269.75","3,281.09","3,259.11","","-0.88%"
"02/21/2025","3,297.10","3,278.32","3,297.59","3,274.45","","0.34%"
"02/20/2025","3,285.86","3,305.65","3,306.23","3,272.15","","-1.31%"
"02/19/2025","3,329.54","3,329.06","3,331.96","3,310.68","","-0.26%"
"02/18/2025","3,338.38","3,336.58","3,354.38","3,333.72","","0.13%"
"02/17/2025","3,334.18","3,327.52","3,345.63","3,327.36","","0.23%"
"02/14/2025","3,326.51","3,349.97","3,353.26","3,326.51","","-0.74%"
"02/13/2025","3,351.31","3,340.51","3,358.30","3,332.51","","0.82%"
"02/12/2025","3,324.21","3,324.24","3,329.88","3,306.92","","0.29%"
"02/10/2025","3,314.54","3,302.93","3,322.46","3,299.77","","0.11%"
"02/07/2025","3,310.97","3,322.09","3,330.83","3,309.54","","-0.54%"
"02/06/2025","3,329.09","3,320.71","3,337.61","3,315.31","","0.73%"
"02/05/2025","3,304.98","3,313.39","3,323.90","3,294.22","","0.26%"
"02/04/2025","3,296.28","3,326.06","3,329.48","3,290.43","","0.43%"
"02/03/2025","3,282.32","3,319.67","3,319.67","3,275.43","","-2.63%"
"01/31/2025","3,371.11","3,379.15","3,383.48","3,369.62","","-0.30%"
"01/30/2025","3,381.18","3,368.50","3,385.76","3,364.63","","-0.02%"
"01/29/2025","3,381.83","3,371.57","3,384.81","3,366.56","","0.75%"
"01/28/2025","3,356.71","3,347.61","3,373.29","3,324.98","","0.07%"
"01/27/2025","3,354.32","3,371.03","3,374.90","3,348.95","","-0.13%"
"01/24/2025","3,358.62","3,372.35","3,383.69","3,352.81","","0.00%"
"01/23/2025","3,358.47","3,358.35","3,365.94","3,346.40","","0.37%"
"01/22/2025","3,345.96","3,326.81","3,348.38","3,324.35","","1.27%"
"01/21/2025","3,303.95","3,309.67","3,309.67","3,275.43","","0.48%"
"01/20/2025","3,288.07","3,281.16","3,300.31","3,281.16","","0.87%"
"01/17/2025","3,259.63","3,262.10","3,262.26","3,227.86","","-0.19%"
"01/16/2025","3,265.87","3,279.48","3,289.75","3,261.13","","0.33%"
"01/15/2025","3,254.98","3,267.67","3,274.89","3,244.52","","0.30%"
"01/14/2025","3,245.19","3,280.21","3,291.42","3,233.95","","-1.63%"
"01/10/2025","3,299.10","3,306.80","3,313.42","3,294.85","","-0.44%"
"01/09/2025","3,313.73","3,330.43","3,334.26","3,298.75","","-0.78%"
"01/08/2025","3,339.62","3,331.59","3,345.42","3,320.63","","-0.43%"
"01/07/2025","3,354.02","3,318.49","3,361.68","3,316.22","","1.60%"
"01/06/2025","3,301.24","3,353.35","3,354.93","3,297.33","","-1.42%"
"12/30/2024","3,348.72","3,372.40","3,372.93","3,343.16","","-0.74%"
"12/27/2024","3,373.60","3,336.63","3,377.49","3,336.63","","1.42%"
"12/26/2024","3,326.24","3,295.34","3,327.00","3,295.34","","1.04%"
"12/25/2024","3,292.04","3,298.51","3,298.51","3,272.82","","-0.10%"
"12/24/2024","3,295.30","3,304.04","3,308.12","3,292.92","","-0.27%"
"12/23/2024","3,304.08","3,306.75","3,308.70","3,291.64","","0.72%"
"12/20/2024","3,280.49","3,307.18","3,307.51","3,280.49","","-0.47%"
"12/19/2024","3,295.98","3,264.28","3,302.85","3,258.78","","-0.30%"
"12/18/2024","3,305.94","3,302.86","3,325.59","3,302.86","","-0.20%"
"12/17/2024","3,312.52","3,321.06","3,336.52","3,312.52","","0.06%"
"12/16/2024","3,310.52","3,324.05","3,324.05","3,306.93","","-0.29%"
"12/13/2024","3,320.23","3,329.13","3,331.57","3,306.11","","-0.93%"
"12/12/2024","3,351.26","3,358.62","3,369.76","3,351.26","","0.78%"
"12/11/2024","3,325.22","3,320.62","3,326.44","3,304.52","","0.09%"
"12/10/2024","3,322.35","3,330.18","3,333.33","3,309.15","","0.28%"
"12/09/2024","3,312.99","3,317.28","3,327.90","3,305.00","","0.27%"
"12/06/2024","3,303.94","3,329.03","3,329.03","3,296.45","","-0.59%"
"12/05/2024","3,323.67","3,340.23","3,341.12","3,315.85","","0.04%"
"12/04/2024","3,322.30","3,329.19","3,337.97","3,307.60","","-0.10%"
"12/03/2024","3,325.49","3,296.10","3,342.21","3,295.45","","1.65%"
"12/02/2024","3,271.66","3,256.74","3,275.96","3,237.98","","0.67%"
"11/29/2024","3,249.73","3,252.35","3,256.73","3,237.25","","-0.37%"
"11/28/2024","3,261.79","3,228.20","3,265.95","3,224.12","","0.76%"
"11/27/2024","3,237.15","3,248.42","3,249.16","3,224.94","","-0.54%"
"11/26/2024","3,254.76","3,257.57","3,261.20","3,228.36","","-0.57%"
"11/25/2024","3,273.45","3,276.91","3,296.81","3,268.03","","0.88%"
"11/22/2024","3,244.78","3,241.18","3,256.38","3,231.17","","0.56%"
"11/21/2024","3,226.60","3,244.26","3,244.26","3,221.37","","-0.43%"
"11/20/2024","3,240.65","3,256.62","3,261.73","3,230.89","","-0.34%"
"11/19/2024","3,251.61","3,252.00","3,265.90","3,244.72","","0.46%"
"11/18/2024","3,236.69","3,231.02","3,259.60","3,227.68","","-0.64%"
"11/15/2024","3,257.66","3,264.06","3,284.32","3,257.66","","0.39%"
"11/14/2024","3,245.15","3,278.24","3,288.66","3,245.15","","-0.79%"
"11/13/2024","3,270.85","3,311.93","3,317.73","3,265.68","","-1.40%"
"11/12/2024","3,317.34","3,344.30","3,351.60","3,302.64","","-0.52%"
"11/11/2024","3,334.59","3,341.38","3,343.53","3,324.80","","-0.30%"
"11/08/2024","3,344.73","3,357.90","3,363.55","3,336.51","","0.48%"
"11/07/2024","3,328.74","3,359.95","3,365.45","3,308.82","","-0.31%"
"11/06/2024","3,338.99","3,304.21","3,352.98","3,301.71","","1.61%"
"11/05/2024","3,286.09","3,265.40","3,295.33","3,259.85","","1.09%"
"11/01/2024","3,250.59","3,273.51","3,282.88","3,246.81","","-2.00%"
"10/31/2024","3,317.02","3,315.26","3,326.60","3,301.50","","-0.22%"
"10/30/2024","3,324.34","3,303.06","3,338.58","3,298.47","","1.25%"
"10/29/2024","3,283.20","3,252.96","3,284.39","3,245.63","","0.73%"
"10/28/2024","3,259.38","3,198.66","3,269.17","3,198.66","","1.73%"
"10/25/2024","3,203.99","3,211.09","3,212.58","3,188.65","","-0.48%"
"10/24/2024","3,219.35","3,194.87","3,228.04","3,192.73","","-0.09%"
"10/23/2024","3,222.26","3,250.81","3,255.79","3,219.17","","-0.86%"
"10/22/2024","3,250.37","3,281.01","3,288.45","3,234.43","","-1.37%"
"10/21/2024","3,295.63","3,287.14","3,309.05","3,277.37","","0.27%"
"10/18/2024","3,286.65","3,291.49","3,298.94","3,280.69","","0.41%"
"10/17/2024","3,273.26","3,301.20","3,301.46","3,273.26","","-0.86%"
"10/16/2024","3,301.60","3,328.17","3,328.17","3,297.89","","-1.98%"
"10/15/2024","3,368.35","3,369.95","3,386.47","3,368.09","","0.78%"
"10/11/2024","3,342.12","3,340.25","3,357.60","3,338.41","","0.01%"
"10/10/2024","3,341.92","3,358.59","3,364.78","3,335.83","","-0.14%"
"10/09/2024","3,346.54","3,348.15","3,354.98","3,331.31","","0.98%"
"10/08/2024","3,314.15","3,323.90","3,326.03","3,305.82","","-1.29%"
"10/07/2024","3,357.51","3,361.78","3,373.91","3,355.32","","1.08%"
"10/04/2024","3,321.75","3,318.66","3,331.99","3,313.74","","0.36%"
"10/03/2024","3,309.87","3,310.59","3,330.48","3,303.00","","1.59%"
"10/02/2024","3,258.02","3,287.61","3,289.70","3,246.60","","-1.88%"
"10/01/2024","3,320.29","3,297.47","3,327.73","3,292.62","","1.35%"
"09/30/2024","3,275.92","3,342.15","3,342.15","3,271.52","","-3.63%"
"09/27/2024","3,399.49","3,351.95","3,400.66","3,351.95","","1.20%"
"09/26/2024","3,359.29","3,294.25","3,359.29","3,294.25","","2.92%"
"09/25/2024","3,264.11","3,265.53","3,278.44","3,258.29","","-0.17%"
"09/24/2024","3,269.52","3,289.89","3,302.79","3,269.52","","0.27%"
"09/20/2024","3,260.58","3,268.01","3,279.08","3,256.02","","1.06%"
"09/19/2024","3,226.47","3,225.45","3,243.36","3,222.80","","1.39%"
"09/18/2024","3,182.21","3,192.27","3,205.08","3,157.70","","0.24%"
"09/17/2024","3,174.74","3,187.47","3,189.47","3,136.51","","-0.24%"
"09/13/2024","3,182.33","3,202.63","3,207.03","3,172.87","","-0.91%"
"09/12/2024","3,211.58","3,174.73","3,221.97","3,172.54","","2.64%"
"09/11/2024","3,129.04","3,174.38","3,176.28","3,103.84","","-1.67%"
"09/10/2024","3,182.05","3,182.80","3,205.56","3,172.22","","0.07%"
"09/09/2024","3,179.69","3,139.86","3,183.66","3,105.12","","-0.13%"
"09/06/2024","3,183.88","3,215.95","3,219.17","3,167.16","","-0.77%"
"09/05/2024","3,208.47","3,205.46","3,244.29","3,193.02","","-0.82%"
"09/04/2024","3,234.86","3,287.44","3,288.20","3,224.70","","-3.05%"
"09/03/2024","3,336.79","3,327.22","3,343.26","3,319.37","","0.48%"
"09/02/2024","3,320.96","3,345.81","3,345.81","3,305.24","","-0.19%"
"08/30/2024","3,327.28","3,315.02","3,328.64","3,307.11","","0.41%"
"08/29/2024","3,313.81","3,298.41","3,315.92","3,290.45","","-0.22%"
"08/28/2024","3,320.99","3,312.12","3,320.99","3,296.71","","0.14%"
"08/27/2024","3,316.38","3,300.01","3,320.87","3,285.74","","0.43%"
"08/26/2024","3,302.29","3,301.17","3,303.10","3,277.71","","-0.41%"
"08/23/2024","3,315.81","3,308.91","3,319.73","3,290.40","","0.46%"
"08/22/2024","3,300.49","3,282.43","3,308.37","3,274.45","","0.70%"
"08/21/2024","3,277.58","3,251.92","3,282.71","3,251.92","","-0.09%"
"08/20/2024","3,280.68","3,256.78","3,290.21","3,253.51","","1.75%"
"08/19/2024","3,224.21","3,256.45","3,271.98","3,220.68","","-1.44%"
"08/16/2024","3,271.24","3,226.50","3,272.75","3,224.54","","2.78%"
"08/15/2024","3,182.71","3,174.93","3,198.80","3,173.28","","0.20%"
"08/14/2024","3,176.50","3,165.56","3,191.08","3,148.60","","0.85%"
"08/13/2024","3,149.61","3,094.67","3,149.61","3,090.18","","2.71%"
"08/09/2024","3,066.38","3,087.37","3,103.86","3,020.44","","0.49%"
"08/08/2024","3,051.50","3,030.40","3,095.48","3,015.48","","-0.54%"
"08/07/2024","3,067.93","2,991.46","3,132.64","2,974.55","","1.39%"
"08/06/2024","3,025.74","2,810.79","3,050.56","2,810.79","","9.73%"
"08/05/2024","2,757.34","3,046.02","3,046.02","2,737.54","","-10.98%"
"08/02/2024","3,097.27","3,215.54","3,215.54","3,096.60","","-5.15%"
"08/01/2024","3,265.47","3,330.74","3,330.74","3,237.81","","-2.80%"
"07/31/2024","3,359.68","3,289.61","3,361.87","3,273.06","","1.33%"
"07/30/2024","3,315.44","3,305.05","3,318.46","3,283.15","","-0.14%"
"07/29/2024","3,320.24","3,282.66","3,329.46","3,280.80","","1.88%"
"07/26/2024","3,258.83","3,264.19","3,290.72","3,255.38","","-0.17%"
"07/25/2024","3,264.31","3,309.83","3,309.83","3,261.96","","-2.60%"
"07/24/2024","3,351.45","3,368.99","3,390.78","3,347.90","","-1.09%"
"07/23/2024","3,388.24","3,412.61","3,419.64","3,381.90","","-0.18%"
"07/22/2024","3,394.23","3,424.38","3,424.76","3,389.97","","-1.27%"
"07/19/2024","3,437.94","3,427.19","3,449.38","3,418.13","","-0.02%"
"07/18/2024","3,438.55","3,474.43","3,475.22","3,438.16","","-1.97%"
"07/17/2024","3,507.67","3,524.22","3,528.89","3,505.03","","-0.16%"
"07/16/2024","3,513.34","3,527.48","3,534.36","3,512.52","","-0.11%"
"07/12/2024","3,517.12","3,534.37","3,543.93","3,514.05","","-1.36%"
"07/11/2024","3,565.59","3,566.36","3,577.48","3,559.07","","0.98%"
"07/10/2024","3,530.98","3,508.67","3,530.98","3,501.64","","0.52%"
"07/09/2024","3,512.75","3,471.25","3,522.79","3,469.50","","1.47%"
"07/08/2024","3,461.93","3,471.70","3,482.77","3,461.02","","-0.18%"
"07/05/2024","3,468.06","3,485.32","3,488.92","3,462.33","","-0.35%"
"07/04/2024","3,480.13","3,478.14","3,482.80","3,461.86","","0.59%"
"07/03/2024","3,459.67","3,432.54","3,465.40","3,432.54","","1.06%"
"07/02/2024","3,423.45","3,398.29","3,427.04","3,386.43","","0.81%"
"07/01/2024","3,395.87","3,410.27","3,420.65","3,387.72","","0.11%"
"06/28/2024","3,392.00","3,402.42","3,409.66","3,386.25","","0.15%"
"06/27/2024","3,386.82","3,398.56","3,398.88","3,380.03","","-0.86%"
"06/26/2024","3,416.28","3,388.33","3,416.83","3,382.23","","1.09%"
"06/25/2024","3,379.36","3,362.75","3,382.41","3,354.79","","0.70%"
"06/24/2024","3,355.92","3,334.91","3,366.18","3,330.20","","0.49%"
"06/21/2024","3,339.48","3,343.77","3,359.77","3,335.06","","0.26%"
"06/20/2024","3,330.68","3,321.63","3,331.00","3,304.21","","0.10%"
"06/19/2024","3,327.46","3,344.30","3,345.22","3,316.93","","0.05%"
"06/18/2024","3,325.74","3,326.07","3,333.91","3,319.32","","0.69%"
"06/17/2024","3,303.06","3,322.40","3,322.40","3,292.80","","-1.32%"
"06/14/2024","3,347.08","3,320.67","3,358.54","3,320.08","","0.53%"
"06/13/2024","3,329.31","3,359.76","3,359.76","3,329.31","","-0.17%"
"06/12/2024","3,335.03","3,341.73","3,343.02","3,329.80","","-0.65%"
"06/11/2024","3,356.78","3,361.39","3,376.89","3,352.95","","0.10%"
"06/10/2024","3,353.32","3,337.24","3,354.81","3,328.74","","0.53%"
"06/07/2024","3,335.48","3,329.51","3,341.06","3,327.71","","0.01%"
"06/06/2024","3,335.29","3,360.21","3,360.85","3,333.84","","0.07%"
"06/05/2024","3,332.83","3,358.22","3,358.22","3,329.01","","-1.11%"
"06/04/2024","3,370.30","3,363.37","3,378.96","3,356.47","","-0.01%"
"06/03/2024","3,370.80","3,370.89","3,381.70","3,361.98","","0.73%"
"05/31/2024","3,346.23","3,310.12","3,349.65","3,310.12","","1.35%"
"05/30/2024","3,301.69","3,288.69","3,305.53","3,265.25","","-0.50%"
"05/29/2024","3,318.17","3,345.50","3,363.33","3,317.13","","-0.86%"
"05/28/2024","3,346.85","3,353.98","3,358.63","3,339.16","","-0.33%"
"05/27/2024","3,358.00","3,350.81","3,358.00","3,339.60","","0.33%"
"05/24/2024","3,346.79","3,333.77","3,356.88","3,330.63","","-0.86%"
"05/23/2024","3,375.91","3,353.75","3,380.93","3,343.37","","1.15%"
"05/22/2024","3,337.56","3,350.41","3,357.13","3,337.33","","-0.71%"
"05/21/2024","3,361.34","3,387.70","3,393.40","3,361.32","","-0.39%"
"05/20/2024","3,374.62","3,356.51","3,397.91","3,354.26","","0.33%"
"05/17/2024","3,363.41","3,356.71","3,373.20","3,353.56","","-0.20%"
"05/16/2024","3,370.07","3,357.19","3,372.93","3,342.84","","1.26%"
"05/15/2024","3,328.02","3,352.25","3,356.41","3,325.72","","-0.39%"
"05/14/2024","3,340.96","3,340.41","3,355.31","3,325.07","","0.38%"
"05/13/2024","3,328.22","3,321.66","3,330.00","3,312.17","","0.15%"
"05/10/2024","3,323.39","3,323.85","3,349.76","3,311.83","","0.55%"
"05/09/2024","3,305.10","3,304.27","3,332.35","3,297.28","","0.34%"
"05/08/2024","3,293.92","3,327.14","3,327.14","3,293.83","","-1.22%"
"05/07/2024","3,334.48","3,305.44","3,334.48","3,305.28","","1.64%"
"05/02/2024","3,280.72","3,270.03","3,284.15","3,263.35","","-0.10%"
"05/01/2024","3,283.86","3,276.98","3,294.56","3,268.28","","-0.37%"
"04/30/2024","3,296.03","3,292.85","3,304.14","3,276.74","","0.93%"
"04/26/2024","3,265.69","3,237.48","3,270.27","3,226.34","","1.16%"
"04/25/2024","3,228.25","3,261.32","3,261.83","3,226.57","","-1.71%"
"04/24/2024","3,284.30","3,245.27","3,285.52","3,245.27","","1.81%"
"04/23/2024","3,225.77","3,246.59","3,246.59","3,212.72","","0.10%"
"04/22/2024","3,222.43","3,201.61","3,223.85","3,193.08","","1.33%"
"04/19/2024","3,180.08","3,237.75","3,237.75","3,154.63","","-2.63%"
"04/18/2024","3,265.99","3,236.40","3,278.21","3,235.23","","0.53%"
"04/17/2024","3,248.88","3,295.03","3,295.03","3,248.88","","-1.23%"
"04/16/2024","3,289.47","3,295.96","3,299.79","3,279.53","","-1.34%"
"04/15/2024","3,334.20","3,334.39","3,334.39","3,309.60","","-0.90%"
"04/12/2024","3,364.54","3,373.05","3,379.97","3,360.45","","0.42%"
"04/11/2024","3,350.48","3,323.17","3,351.30","3,318.37","","-0.21%"
"04/10/2024","3,357.62","3,360.15","3,373.14","3,354.31","","-0.33%"
"04/09/2024","3,368.58","3,356.82","3,371.29","3,348.51","","0.62%"
"04/08/2024","3,347.86","3,347.75","3,364.07","3,336.16","","0.83%"
"04/05/2024","3,320.28","3,334.92","3,339.02","3,303.79","","-1.65%"
"04/04/2024","3,376.13","3,382.45","3,399.29","3,376.13","","0.62%"
"04/03/2024","3,355.34","3,358.42","3,371.47","3,344.08","","-1.04%"
"04/02/2024","3,390.74","3,399.87","3,414.29","3,377.42","","-0.45%"
"04/01/2024","3,405.95","3,460.01","3,460.01","3,397.47","","-1.02%"
"03/29/2024","3,440.98","3,427.07","3,451.28","3,425.85","","0.60%"
"03/28/2024","3,420.61","3,439.64","3,454.25","3,412.58","","-1.46%"
"03/27/2024","3,471.21","3,456.83","3,486.82","3,455.51","","0.64%"
"03/26/2024","3,449.01","3,439.59","3,456.00","3,439.07","","0.10%"
"03/25/2024","3,445.55","3,483.79","3,484.42","3,445.55","","-1.28%"
"03/22/2024","3,490.30","3,492.24","3,498.96","3,474.34","","0.20%"
"03/21/2024","3,483.40","3,477.74","3,485.84","3,467.05","","1.35%"
"03/19/2024","3,436.87","3,397.19","3,436.87","3,392.86","","0.80%"
"03/18/2024","3,409.71","3,341.83","3,410.10","3,341.83","","2.44%"
"03/15/2024","3,328.45","3,322.15","3,342.38","3,319.97","","-0.22%"
"03/14/2024","3,335.87","3,316.74","3,336.81","3,298.42","","0.29%"
"03/13/2024","3,326.28","3,355.06","3,362.63","3,306.31","","-0.45%"
"03/12/2024","3,341.41","3,308.67","3,342.51","3,289.12","","0.07%"
"03/11/2024","3,339.14","3,361.78","3,361.90","3,306.37","","-1.72%"
"03/08/2024","3,397.45","3,393.23","3,416.88","3,378.81","","0.02%"
"03/07/2024","3,396.93","3,441.55","3,448.76","3,393.24","","-0.79%"
"03/06/2024","3,424.09","3,394.25","3,427.88","3,394.25","","0.14%"
"03/05/2024","3,419.44","3,394.16","3,426.77","3,388.49","","0.35%"
"03/04/2024","3,407.46","3,425.98","3,431.39","3,402.58","","0.20%"
"03/01/2024","3,400.55","3,369.84","3,404.30","3,368.55","","1.13%"
"02/29/2024","3,362.64","3,350.49","3,368.50","3,339.52","","0.09%"
"02/28/2024","3,359.76","3,362.66","3,369.52","3,355.77","","-0.27%"
"02/27/2024","3,368.73","3,368.97","3,377.17","3,362.91","","0.17%"
"02/26/2024","3,362.90","3,367.94","3,376.13","3,359.14","","0.45%"
"02/22/2024","3,348.00","3,319.86","3,349.92","3,318.33","","1.45%"
"02/21/2024","3,300.30","3,293.48","3,301.53","3,281.70","","-0.21%"
"02/20/2024","3,307.39","3,314.96","3,321.94","3,297.22","","-0.11%"
"02/19/2024","3,310.93","3,308.76","3,314.78","3,295.08","","0.11%"
"02/16/2024","3,307.19","3,306.80","3,327.39","3,289.75","","0.85%"
"02/15/2024","3,279.39","3,279.46","3,281.69","3,265.06","","0.56%"
"02/14/2024","3,260.97","3,260.71","3,265.59","3,243.27","","-0.63%"
"02/13/2024","3,281.80","3,252.44","3,284.03","3,249.26","","1.76%"
"02/09/2024","3,225.11","3,213.96","3,245.98","3,213.96","","0.26%"
"02/08/2024","3,216.88","3,195.57","3,227.39","3,188.78","","0.94%"
"02/07/2024","3,186.80","3,186.37","3,195.52","3,168.24","","-0.18%"
"02/06/2024","3,192.65","3,207.75","3,208.17","3,192.53","","-0.85%"
"02/05/2024","3,219.88","3,226.10","3,226.92","3,214.76","","0.38%"
"02/02/2024","3,207.73","3,207.32","3,225.11","3,201.40","","0.51%"
"02/01/2024","3,191.30","3,194.86","3,201.59","3,184.75","","-0.71%"
"01/31/2024","3,214.25","3,184.39","3,214.25","3,175.81","","0.34%"
"01/30/2024","3,203.21","3,210.49","3,218.38","3,202.46","","0.18%"
"01/29/2024","3,197.32","3,181.23","3,206.69","3,178.40","","0.73%"
"01/26/2024","3,174.09","3,189.92","3,201.36","3,171.02","","-1.18%"
"01/25/2024","3,211.99","3,204.60","3,215.07","3,183.33","","0.17%"
"01/24/2024","3,206.67","3,226.01","3,227.38","3,197.75","","-0.94%"
"01/23/2024","3,236.97","3,250.10","3,268.63","3,227.94","","0.03%"
"01/22/2024","3,236.01","3,213.43","3,236.74","3,212.36","","1.33%"
"01/19/2024","3,193.51","3,201.97","3,206.42","3,180.48","","0.81%"
"01/18/2024","3,167.75","3,171.86","3,182.14","3,163.01","","-0.29%"
"01/17/2024","3,176.83","3,212.27","3,232.08","3,176.83","","-0.51%"
"01/16/2024","3,193.24","3,219.72","3,223.07","3,191.89","","-1.00%"
"01/15/2024","3,225.64","3,201.40","3,232.64","3,198.34","","0.63%"
"01/12/2024","3,205.53","3,200.44","3,210.87","3,186.59","","1.10%"
"01/11/2024","3,170.74","3,164.53","3,179.71","3,155.77","","1.16%"
"01/10/2024","3,134.25","3,088.73","3,139.57","3,086.25","","1.92%"
"01/09/2024","3,075.08","3,052.79","3,087.74","3,052.79","","1.68%"
"01/05/2024","3,024.19","3,036.84","3,037.12","3,024.19","","-0.35%"
"01/04/2024","3,034.74","3,010.98","3,037.01","2,984.84","","-0.45%"
"12/29/2023","3,048.50","3,045.06","3,055.83","3,033.01","","-0.04%"
"12/28/2023","3,049.81","3,041.62","3,051.13","3,035.49","","-0.17%"
"12/27/2023","3,054.93","3,037.73","3,058.68","3,035.86","","1.20%"
"12/26/2023","3,018.74","3,012.90","3,020.62","3,006.54","","0.12%"
"12/25/2023","3,015.09","3,025.49","3,028.43","3,010.60","","0.25%"
"12/22/2023","3,007.58","3,005.78","3,022.60","3,003.41","","0.24%"
"12/21/2023","3,000.24","3,002.23","3,005.54","2,992.33","","-1.03%"
"12/20/2023","3,031.60","3,025.06","3,043.74","3,025.06","","0.73%"
"12/19/2023","3,009.58","2,971.40","3,009.58","2,964.17","","1.12%"
"12/18/2023","2,976.12","2,977.46","2,978.15","2,953.30","","-0.70%"
"12/15/2023","2,997.16","2,983.67","3,004.03","2,982.02","","0.76%"
"12/14/2023","2,974.57","3,005.75","3,007.64","2,961.20","","-0.67%"
"12/13/2023","2,994.69","2,997.44","3,007.57","2,986.97","","0.32%"
"12/12/2023","2,985.20","3,009.34","3,011.12","2,980.56","","0.05%"
"12/11/2023","2,983.74","2,970.08","2,989.07","2,970.08","","1.32%"
"12/08/2023","2,944.87","2,968.73","2,970.82","2,935.90","","-1.20%"
"12/07/2023","2,980.77","2,999.19","3,007.39","2,977.46","","-1.39%"
"12/06/2023","3,022.76","2,978.22","3,023.89","2,978.22","","1.99%"
"12/05/2023","2,963.69","2,995.06","2,997.77","2,963.40","","-1.31%"
"12/04/2023","3,003.00","3,007.49","3,011.42","2,984.17","","-0.36%"
"12/01/2023","3,014.00","3,022.11","3,022.20","3,011.27","","-0.16%"
"11/30/2023","3,018.87","3,005.98","3,018.87","2,990.43","","0.37%"
"11/29/2023","3,007.76","2,999.47","3,019.14","2,995.79","","0.08%"
"11/28/2023","3,005.42","3,013.60","3,013.60","2,992.18","","-0.13%"
"11/27/2023","3,009.21","3,032.02","3,040.29","3,006.83","","-0.61%"
"11/24/2023","3,027.77","3,041.67","3,044.16","3,026.86","","0.11%"
"11/22/2023","3,024.35","2,997.32","3,028.62","2,997.32","","0.46%"
"11/21/2023","3,010.41","3,008.14","3,016.57","2,992.76","","0.30%"
"11/20/2023","3,001.37","3,015.24","3,034.69","2,997.21","","-0.61%"
"11/17/2023","3,019.87","2,991.32","3,020.08","2,991.32","","0.66%"
"11/16/2023","3,000.05","2,999.09","3,015.77","2,987.74","","-0.37%"
"11/15/2023","3,011.14","2,985.84","3,014.11","2,984.94","","2.17%"
"11/14/2023","2,947.08","2,951.74","2,960.45","2,947.08","","0.21%"
"11/13/2023","2,940.81","2,958.44","2,963.99","2,935.12","","0.00%"
"11/10/2023","2,940.87","2,931.40","2,941.92","2,917.30","","-0.27%"
"11/09/2023","2,948.77","2,929.89","2,954.67","2,917.53","","1.11%"
"11/08/2023","2,916.40","2,931.81","2,933.39","2,905.66","","-0.10%"
"11/07/2023","2,919.28","2,951.97","2,951.97","2,917.82","","-1.49%"
"11/06/2023","2,963.33","2,942.24","2,969.78","2,937.52","","2.13%"
"11/02/2023","2,901.66","2,892.99","2,906.18","2,892.99","","1.17%"
"11/01/2023","2,868.02","2,848.33","2,869.30","2,848.33","","2.07%"
"10/31/2023","2,809.95","2,784.92","2,817.75","2,772.86","","1.13%"
"10/30/2023","2,778.49","2,768.09","2,784.92","2,761.86","","-0.42%"
"10/27/2023","2,790.26","2,765.57","2,791.38","2,756.92","","1.36%"
"10/26/2023","2,752.83","2,772.98","2,775.53","2,747.25","","-1.66%"
"10/25/2023","2,799.20","2,805.55","2,818.63","2,794.83","","0.36%"
"10/24/2023","2,789.07","2,793.53","2,795.68","2,732.95","","0.22%"
"10/23/2023","2,782.84","2,797.22","2,804.02","2,782.84","","-0.79%"
"10/20/2023","2,805.10","2,799.00","2,818.39","2,788.82","","-0.67%"
"10/19/2023","2,824.03","2,830.20","2,844.11","2,819.36","","-1.55%"
"10/18/2023","2,868.59","2,868.85","2,871.94","2,847.60","","-0.07%"
"10/17/2023","2,870.72","2,877.23","2,891.42","2,860.76","","1.14%"
"10/16/2023","2,838.47","2,860.18","2,865.67","2,831.05","","-1.81%"
"10/13/2023","2,890.75","2,910.53","2,916.22","2,886.10","","-1.24%"
"10/12/2023","2,927.18","2,897.10","2,928.41","2,897.10","","1.60%"
"10/11/2023","2,880.97","2,892.26","2,899.18","2,877.16","","-0.25%"
"10/10/2023","2,888.20","2,862.46","2,891.85","2,861.14","","1.67%"
"10/06/2023","2,840.70","2,852.75","2,858.19","2,840.70","","-0.25%"
"10/05/2023","2,847.70","2,813.90","2,848.92","2,806.45","","1.62%"
"10/04/2023","2,802.41","2,805.39","2,822.93","2,800.90","","-1.30%"
"10/03/2023","2,839.22","2,868.82","2,870.53","2,835.23","","-1.31%"
"10/02/2023","2,876.84","2,909.26","2,928.61","2,876.60","","-0.57%"
"09/29/2023","2,893.35","2,907.54","2,907.54","2,882.87","","-0.05%"
"09/28/2023","2,894.71","2,902.68","2,913.04","2,877.90","","-1.19%"
"09/27/2023","2,929.68","2,895.76","2,929.68","2,894.33","","0.25%"
"09/26/2023","2,922.33","2,941.55","2,941.55","2,922.33","","-0.81%"
"09/25/2023","2,946.31","2,927.91","2,947.71","2,920.81","","0.93%"
"09/22/2023","2,919.11","2,902.81","2,932.03","2,896.80","","-0.11%"
"09/21/2023","2,922.39","2,950.27","2,950.34","2,919.52","","-1.54%"
"09/20/2023","2,968.14","2,990.50","2,990.50","2,966.91","","-0.85%"
"09/19/2023","2,993.50","3,006.33","3,006.33","2,978.45","","-1.04%"
"09/15/2023","3,025.09","3,017.79","3,031.78","3,008.95","","0.75%"
"09/14/2023","3,002.59","2,985.84","3,008.82","2,976.60","","1.13%"
"09/13/2023","2,969.08","2,979.02","2,987.27","2,963.09","","-0.66%"
"09/12/2023","2,988.67","2,980.89","2,989.47","2,962.99","","0.83%"
"09/11/2023","2,964.10","2,989.25","2,993.96","2,956.59","","-0.67%"
"09/08/2023","2,984.19","3,007.90","3,011.35","2,976.54","","-1.14%"
"09/07/2023","3,018.53","3,028.07","3,034.33","3,016.53","","-0.76%"
"09/06/2023","3,041.74","3,034.95","3,042.65","3,028.03","","0.48%"
"09/05/2023","3,027.15","3,016.68","3,027.15","3,011.30","","0.28%"
"09/04/2023","3,018.82","3,012.04","3,018.82","3,001.87","","0.46%"
"09/01/2023","3,004.95","2,988.54","3,010.99","2,986.27","","0.37%"
"08/31/2023","2,994.02","2,975.34","2,999.11","2,973.90","","0.67%"
"08/30/2023","2,974.04","2,980.37","2,990.56","2,970.60","","0.35%"
"08/29/2023","2,963.74","2,965.21","2,972.93","2,959.55","","0.25%"
"08/28/2023","2,956.46","2,940.85","2,958.63","2,933.17","","1.32%"
"08/25/2023","2,917.81","2,925.08","2,933.13","2,914.21","","-1.32%"
"08/24/2023","2,956.98","2,949.47","2,960.80","2,945.36","","0.63%"
"08/23/2023","2,938.59","2,910.81","2,939.34","2,910.81","","0.64%"
"08/22/2023","2,919.83","2,911.03","2,920.50","2,903.16","","0.84%"
"08/21/2023","2,895.56","2,889.54","2,909.47","2,884.46","","0.22%"
"08/18/2023","2,889.17","2,878.61","2,904.98","2,876.66","","-0.67%"
"08/17/2023","2,908.76","2,914.10","2,914.10","2,884.51","","-0.61%"
"08/16/2023","2,926.47","2,934.42","2,945.60","2,926.04","","-1.10%"
"08/15/2023","2,959.07","2,963.31","2,966.64","2,957.31","","0.52%"
"08/14/2023","2,943.83","2,976.57","2,984.95","2,939.60","","-1.10%"
"08/10/2023","2,976.51","2,944.71","2,977.47","2,935.75","","0.69%"
"08/09/2023","2,956.08","2,956.82","2,962.96","2,949.73","","-0.27%"
"08/08/2023","2,963.97","2,975.34","2,978.13","2,957.57","","0.11%"
"08/07/2023","2,960.80","2,927.44","2,963.38","2,923.44","","0.53%"
"08/04/2023","2,945.16","2,941.36","2,953.66","2,931.82","","-0.08%"
"08/03/2023","2,947.40","2,955.42","2,964.31","2,944.19","","-1.14%"
"08/02/2023","2,981.33","3,011.82","3,012.97","2,973.70","","-1.71%"
"08/01/2023","3,033.35","3,029.58","3,035.07","3,016.94","","0.45%"
"07/31/2023","3,019.80","3,022.68","3,035.39","3,004.69","","0.76%"
"07/28/2023","2,996.90","2,970.76","3,008.06","2,947.15","","-0.38%"
"07/27/2023","3,008.45","2,976.95","3,011.44","2,975.89","","0.78%"
"07/26/2023","2,985.07","2,984.85","2,987.31","2,968.16","","0.17%"
"07/25/2023","2,979.92","2,987.06","2,987.06","2,967.99","","-0.20%"
"07/24/2023","2,985.85","2,979.39","2,988.03","2,977.26","","0.97%"
"07/21/2023","2,957.25","2,945.47","2,968.13","2,937.05","","-0.02%"
"07/20/2023","2,957.85","2,985.48","2,990.76","2,956.95","","-1.34%"
"07/19/2023","2,997.96","2,994.45","2,997.96","2,980.62","","0.96%"
"07/18/2023","2,969.46","2,968.04","2,983.76","2,956.91","","0.41%"
"07/14/2023","2,957.22","2,972.21","2,973.88","2,941.17","","0.16%"
"07/13/2023","2,952.41","2,928.57","2,956.94","2,912.95","","1.35%"
"07/12/2023","2,913.21","2,938.79","2,939.67","2,908.51","","-0.67%"
"07/11/2023","2,932.92","2,947.77","2,949.54","2,925.33","","0.31%"
"07/10/2023","2,923.98","2,929.79","2,943.14","2,917.68","","-0.39%"
"07/07/2023","2,935.38","2,942.05","2,961.96","2,931.96","","-0.93%"
"07/06/2023","2,963.08","2,988.53","2,988.53","2,954.89","","-1.53%"
"07/05/2023","3,009.22","3,002.23","3,021.59","2,993.26","","-0.26%"
"07/04/2023","3,017.14","3,021.86","3,024.35","3,012.71","","-0.79%"
"07/03/2023","3,041.26","3,030.20","3,042.88","3,030.20","","1.50%"
"06/30/2023","2,996.23","2,994.79","3,000.02","2,979.17","","-0.31%"
"06/29/2023","3,005.48","3,014.09","3,026.53","3,000.10","","-0.05%"
"06/28/2023","3,006.98","2,969.55","3,006.98","2,964.08","","2.09%"
"06/27/2023","2,945.35","2,949.14","2,953.96","2,926.60","","-0.55%"
"06/26/2023","2,961.66","2,953.57","2,974.59","2,937.63","","-0.26%"
"06/23/2023","2,969.43","3,031.32","3,031.32","2,956.72","","-1.45%"
"06/22/2023","3,012.99","3,023.21","3,040.76","3,009.58","","-0.61%"
"06/21/2023","3,031.33","3,006.89","3,034.87","3,003.79","","0.59%"
"06/20/2023","3,013.66","3,001.22","3,013.66","2,988.83","","-0.17%"
"06/19/2023","3,018.66","3,038.56","3,038.56","3,005.27","","-0.66%"
"06/16/2023","3,038.59","3,017.16","3,042.38","3,001.91","","0.52%"
"06/15/2023","3,022.75","3,026.74","3,042.59","3,022.48","","-0.03%"
"06/14/2023","3,023.65","3,018.55","3,033.93","3,003.53","","0.83%"
"06/13/2023","2,998.76","2,981.95","3,009.46","2,979.46","","1.06%"
"06/12/2023","2,967.21","2,952.77","2,970.61","2,950.99","","0.86%"
"06/09/2023","2,941.95","2,920.51","2,946.22","2,919.99","","1.57%"
"06/08/2023","2,896.44","2,927.96","2,930.17","2,880.84","","-1.31%"
"06/07/2023","2,934.95","2,991.28","2,995.68","2,934.95","","-1.53%"
"06/06/2023","2,980.44","2,950.16","2,982.19","2,945.35","","0.44%"
"06/05/2023","2,967.36","2,943.85","2,967.36","2,934.36","","1.73%"
"06/02/2023","2,916.87","2,883.47","2,917.67","2,883.47","","1.59%"
"06/01/2023","2,871.28","2,835.50","2,872.85","2,835.50","","0.94%"
"05/31/2023","2,844.41","2,848.77","2,864.90","2,838.37","","-0.92%"
"05/30/2023","2,870.72","2,866.56","2,874.51","2,851.04","","0.00%"
"05/29/2023","2,870.84","2,895.73","2,897.87","2,868.60","","0.29%"
"05/26/2023","2,862.48","2,863.30","2,880.68","2,861.82","","0.17%"
"05/25/2023","2,857.58","2,854.58","2,872.24","2,850.31","","-0.06%"
"05/24/2023","2,859.29","2,872.09","2,878.35","2,849.15","","-1.24%"
"05/23/2023","2,895.14","2,919.00","2,929.93","2,882.83","","-0.58%"
"05/22/2023","2,911.92","2,887.68","2,911.92","2,885.62","","0.52%"
"05/19/2023","2,897.00","2,903.56","2,905.04","2,885.64","","0.54%"
"05/18/2023","2,881.43","2,872.23","2,890.68","2,869.54","","1.28%"
"05/17/2023","2,845.11","2,840.48","2,849.48","2,838.01","","0.37%"
"05/16/2023","2,834.55","2,820.98","2,834.90","2,819.79","","1.12%"
"05/15/2023","2,803.15","2,791.23","2,803.15","2,786.68","","0.92%"
"05/12/2023","2,777.50","2,751.41","2,778.28","2,751.41","","1.09%"
"05/11/2023","2,747.67","2,750.18","2,752.57","2,743.88","","0.04%"
"05/10/2023","2,746.59","2,759.75","2,760.88","2,742.96","","-0.59%"
"05/09/2023","2,762.79","2,745.61","2,762.79","2,743.64","","0.97%"
"05/08/2023","2,736.25","2,742.87","2,749.13","2,732.49","","-0.24%"
"05/02/2023","2,742.88","2,743.51","2,746.46","2,732.26","","0.19%"
"05/01/2023","2,737.81","2,734.25","2,741.45","2,728.71","","1.05%"
"04/28/2023","2,709.44","2,697.91","2,709.70","2,684.37","","1.29%"
"04/27/2023","2,675.06","2,657.51","2,675.53","2,654.65","","0.21%"
"04/26/2023","2,669.57","2,688.05","2,688.59","2,663.02","","-1.20%"
"04/25/2023","2,702.01","2,709.15","2,716.75","2,698.46","","0.26%"
"04/24/2023","2,695.09","2,697.23","2,703.73","2,693.75","","0.02%"
"04/21/2023","2,694.57","2,690.20","2,707.54","2,685.04","","0.06%"
"04/20/2023","2,693.02","2,679.68","2,698.11","2,676.76","","0.11%"
"04/19/2023","2,690.15","2,700.08","2,700.08","2,683.42","","-0.42%"
"04/18/2023","2,701.53","2,686.92","2,701.53","2,685.40","","0.72%"
"04/17/2023","2,682.29","2,686.20","2,688.21","2,674.14","","0.01%"
"04/14/2023","2,682.00","2,677.78","2,683.81","2,675.28","","0.75%"
"04/13/2023","2,662.04","2,638.69","2,662.23","2,638.69","","0.54%"
"04/12/2023","2,647.83","2,639.98","2,649.35","2,638.68","","0.63%"
"04/11/2023","2,631.33","2,635.29","2,645.30","2,629.67","","0.89%"
"04/10/2023","2,608.00","2,608.32","2,612.95","2,601.60","","0.61%"
"04/07/2023","2,592.07","2,592.60","2,598.34","2,588.19","","0.28%"
"04/06/2023","2,584.96","2,595.34","2,595.34","2,580.35","","-1.42%"
"04/05/2023","2,622.10","2,650.55","2,653.62","2,619.55","","-1.86%"
"04/04/2023","2,671.86","2,667.61","2,671.86","2,661.70","","0.19%"
"04/03/2023","2,666.92","2,669.52","2,675.10","2,663.28","","0.39%"
"03/31/2023","2,656.48","2,653.23","2,662.42","2,647.84","","0.91%"
"03/30/2023","2,632.41","2,637.35","2,642.89","2,620.27","","-0.40%"
"03/29/2023","2,643.06","2,604.30","2,643.06","2,603.36","","1.52%"
"03/28/2023","2,603.36","2,610.41","2,613.37","2,596.41","","0.11%"
"03/27/2023","2,600.59","2,601.56","2,609.04","2,596.49","","0.23%"
"03/24/2023","2,594.75","2,590.24","2,598.04","2,583.71","","0.03%"
"03/23/2023","2,593.98","2,577.56","2,597.11","2,566.98","","-0.23%"
"03/22/2023","2,599.93","2,585.96","2,604.21","2,585.96","","1.83%"
"03/20/2023","2,553.26","2,588.54","2,590.90","2,553.26","","-1.57%"
"03/17/2023","2,594.06","2,572.21","2,595.24","2,569.05","","1.63%"
"03/16/2023","2,552.44","2,525.53","2,557.21","2,515.80","","-0.29%"
"03/15/2023","2,559.98","2,572.10","2,577.58","2,550.62","","-0.06%"
"03/14/2023","2,561.54","2,579.84","2,579.84","2,548.19","","-2.00%"
"03/13/2023","2,613.70","2,615.00","2,617.26","2,590.91","","-0.86%"
"03/10/2023","2,636.26","2,650.42","2,657.81","2,631.74","","-1.66%"
"03/09/2023","2,680.83","2,677.84","2,684.61","2,672.39","","0.97%"
"03/08/2023","2,655.06","2,636.67","2,657.63","2,636.67","","0.41%"
"03/07/2023","2,644.15","2,637.27","2,651.76","2,636.64","","0.12%"
"03/06/2023","2,641.11","2,636.28","2,644.18","2,632.90","","0.98%"
"03/03/2023","2,615.37","2,601.66","2,619.05","2,593.92","","1.30%"
"03/02/2023","2,581.93","2,586.59","2,591.25","2,575.72","","-0.17%"
"03/01/2023","2,586.32","2,577.93","2,586.73","2,567.93","","0.07%"
"02/28/2023","2,584.62","2,583.91","2,591.05","2,579.90","","0.43%"
"02/27/2023","2,573.48","2,562.15","2,574.44","2,558.22","","-0.10%"
"02/24/2023","2,576.16","2,550.68","2,576.16","2,548.03","","1.16%"
"02/22/2023","2,546.56","2,559.63","2,560.60","2,540.34","","-1.25%"
"02/21/2023","2,578.88","2,588.61","2,591.41","2,576.31","","-0.45%"
"02/20/2023","2,590.47","2,588.20","2,593.54","2,581.56","","0.07%"
"02/17/2023","2,588.76","2,589.78","2,599.28","2,587.57","","-0.83%"
"02/16/2023","2,610.52","2,601.06","2,611.44","2,597.76","","0.99%"
"02/15/2023","2,585.01","2,605.79","2,608.47","2,578.49","","-0.65%"
"02/14/2023","2,601.93","2,600.69","2,603.41","2,595.04","","1.14%"
"02/13/2023","2,572.69","2,590.53","2,593.70","2,561.27","","-0.98%"
"02/10/2023","2,598.07","2,595.68","2,617.18","2,594.26","","-0.18%"
"02/09/2023","2,602.78","2,590.36","2,606.07","2,587.30","","0.11%"
"02/08/2023","2,599.96","2,612.17","2,614.51","2,594.53","","-0.17%"
"02/07/2023","2,604.45","2,609.40","2,615.33","2,603.18","","0.19%"
"02/06/2023","2,599.39","2,617.87","2,618.71","2,594.94","","0.12%"
"02/03/2023","2,596.35","2,589.62","2,604.86","2,589.62","","0.25%"
"02/02/2023","2,589.85","2,593.65","2,595.44","2,585.91","","0.34%"
"02/01/2023","2,581.12","2,602.96","2,606.99","2,579.53","","-0.20%"
"01/31/2023","2,586.31","2,602.08","2,608.46","2,583.36","","-0.48%"
"01/30/2023","2,598.81","2,595.50","2,605.50","2,592.60","","0.24%"
"01/27/2023","2,592.51","2,593.79","2,598.34","2,586.55","","-0.02%"
"01/26/2023","2,592.97","2,605.09","2,606.95","2,586.25","","-0.08%"
"01/25/2023","2,595.14","2,579.09","2,600.38","2,578.31","","0.45%"
"01/24/2023","2,583.64","2,576.61","2,588.56","2,571.81","","1.35%"
"01/23/2023","2,549.15","2,542.14","2,551.75","2,537.58","","1.37%"
"01/20/2023","2,514.64","2,499.70","2,515.53","2,499.70","","0.12%"
"01/19/2023","2,511.51","2,509.35","2,523.89","2,507.63","","-0.69%"
"01/18/2023","2,528.85","2,496.74","2,530.69","2,485.54","","1.91%"
"01/17/2023","2,481.39","2,462.85","2,487.70","2,462.65","","0.94%"
"01/16/2023","2,458.35","2,455.51","2,472.03","2,454.76","","-0.59%"
"01/13/2023","2,472.89","2,489.14","2,496.12","2,470.20","","-0.78%"
"01/12/2023","2,492.25","2,502.30","2,502.30","2,487.53","","-0.02%"
"01/11/2023","2,492.72","2,474.34","2,492.72","2,474.34","","1.35%"
"01/10/2023","2,459.58","2,468.97","2,479.09","2,458.73","","0.59%"
"01/06/2023","2,445.21","2,425.19","2,449.92","2,425.19","","0.36%"
"01/05/2023","2,436.46","2,426.17","2,440.07","2,425.98","","0.39%"
"01/04/2023","2,426.94","2,442.51","2,442.51","2,424.49","","-1.68%"
"12/30/2022","2,468.46","2,494.85","2,494.85","2,468.46","","-0.16%"
"12/29/2022","2,472.53","2,469.86","2,472.53","2,455.09","","-0.59%"
"12/28/2022","2,487.09","2,483.78","2,487.43","2,471.18","","-0.16%"
"12/27/2022","2,491.13","2,493.37","2,498.23","2,488.11","","0.76%"
"12/26/2022","2,472.23","2,466.93","2,475.80","2,462.41","","0.30%"
"12/23/2022","2,464.88","2,465.54","2,471.70","2,456.77","","-0.90%"
"12/22/2022","2,487.37","2,481.89","2,491.89","2,476.14","","0.58%"
"12/21/2022","2,473.05","2,481.42","2,496.92","2,462.66","","-0.80%"
"12/20/2022","2,492.94","2,549.88","2,559.65","2,478.52","","-2.35%"
"12/19/2022","2,553.05","2,558.45","2,566.19","2,550.85","","-0.87%"
"12/16/2022","2,575.53","2,579.94","2,586.57","2,573.34","","-1.31%"
"12/15/2022","2,609.84","2,607.56","2,619.34","2,607.56","","-0.68%"
"12/14/2022","2,627.66","2,616.72","2,628.61","2,613.49","","0.75%"
"12/13/2022","2,608.18","2,627.01","2,627.15","2,606.61","","0.13%"
"12/12/2022","2,604.92","2,597.63","2,611.62","2,596.44","","-0.36%"
"12/09/2022","2,614.45","2,593.39","2,616.74","2,591.37","","1.32%"
"12/08/2022","2,580.47","2,587.73","2,587.73","2,566.65","","-0.31%"
"12/07/2022","2,588.51","2,580.67","2,596.16","2,580.67","","-0.44%"
"12/06/2022","2,600.04","2,585.16","2,604.51","2,585.16","","0.02%"
"12/05/2022","2,599.46","2,596.21","2,605.90","2,590.14","","-0.06%"
"12/02/2022","2,601.15","2,615.77","2,615.77","2,591.31","","-1.60%"
"12/01/2022","2,643.56","2,647.45","2,657.51","2,640.00","","0.78%"
"11/30/2022","2,623.01","2,624.91","2,629.19","2,616.20","","-0.91%"
"11/29/2022","2,647.03","2,645.68","2,650.56","2,637.90","","-0.75%"
"11/28/2022","2,667.06","2,674.35","2,674.73","2,657.72","","-0.74%"
"11/25/2022","2,686.98","2,698.94","2,698.94","2,684.36","","-0.32%"
"11/24/2022","2,695.51","2,693.18","2,705.58","2,693.18","","1.33%"
"11/22/2022","2,660.04","2,650.86","2,668.44","2,650.86","","0.69%"
"11/21/2022","2,641.78","2,643.71","2,645.71","2,632.06","","0.14%"
"11/18/2022","2,637.98","2,649.55","2,650.21","2,635.63","","-0.23%"
"11/17/2022","2,643.93","2,646.12","2,653.97","2,640.07","","-0.17%"
"11/16/2022","2,648.37","2,648.96","2,653.48","2,624.75","","0.08%"
"11/15/2022","2,646.15","2,637.90","2,649.50","2,633.68","","0.33%"
"11/14/2022","2,637.46","2,653.44","2,657.32","2,637.46","","-0.33%"
"11/11/2022","2,646.15","2,598.48","2,649.21","2,596.39","","3.40%"
"11/10/2022","2,559.03","2,560.84","2,567.21","2,554.84","","-0.77%"
"11/09/2022","2,578.95","2,595.48","2,596.80","2,575.54","","-0.51%"
"11/08/2022","2,592.11","2,576.58","2,596.11","2,575.35","","1.36%"
"11/07/2022","2,557.41","2,544.94","2,561.85","2,544.43","","1.29%"
"11/04/2022","2,524.85","2,541.03","2,541.49","2,513.46","","-1.75%"
"11/02/2022","2,569.70","2,573.97","2,576.80","2,565.26","","-0.46%"
"11/01/2022","2,581.60","2,570.20","2,581.60","2,566.80","","0.38%"
"10/31/2022","2,571.78","2,554.94","2,571.78","2,551.14","","1.86%"
"10/28/2022","2,524.90","2,516.86","2,538.06","2,507.81","","-0.57%"
"10/27/2022","2,539.28","2,536.75","2,548.57","2,536.75","","-0.09%"
"10/26/2022","2,541.62","2,541.65","2,552.52","2,541.48","","0.94%"
"10/25/2022","2,518.05","2,510.55","2,528.38","2,509.94","","0.82%"
"10/24/2022","2,497.46","2,516.57","2,523.38","2,497.17","","0.22%"
"10/21/2022","2,492.04","2,500.33","2,504.70","2,491.68","","-0.50%"
"10/20/2022","2,504.66","2,503.33","2,510.19","2,493.60","","-0.76%"
"10/19/2022","2,523.89","2,527.52","2,537.26","2,523.82","","-0.01%"
"10/18/2022","2,524.08","2,521.98","2,525.30","2,502.22","","1.49%"
"10/17/2022","2,487.08","2,492.70","2,494.33","2,478.08","","-1.29%"
"10/14/2022","2,519.60","2,498.95","2,529.28","2,498.50","","2.49%"
"10/13/2022","2,458.30","2,479.05","2,479.05","2,458.30","","-0.85%"
"10/12/2022","2,479.40","2,479.01","2,487.97","2,473.07","","-0.03%"
"10/11/2022","2,480.04","2,518.39","2,518.39","2,475.16","","-2.74%"
"10/07/2022","2,549.78","2,537.49","2,559.49","2,533.93","","-0.75%"
"10/06/2022","2,569.03","2,552.99","2,579.57","2,552.99","","0.54%"
"10/05/2022","2,555.28","2,565.46","2,565.46","2,547.87","","0.69%"
"10/04/2022","2,537.70","2,499.28","2,537.70","2,498.66","","3.28%"
"10/03/2022","2,457.16","2,429.40","2,459.02","2,414.79","","0.49%"
"09/30/2022","2,445.30","2,478.38","2,478.38","2,439.89","","-1.86%"
"09/29/2022","2,491.68","2,471.97","2,496.08","2,468.46","","1.00%"
"09/28/2022","2,466.91","2,477.96","2,484.85","2,445.78","","-0.80%"
"09/27/2022","2,486.85","2,483.78","2,498.77","2,476.80","","0.58%"
"09/26/2022","2,472.50","2,493.97","2,497.01","2,472.50","","-2.09%"
"09/22/2022","2,525.35","2,510.09","2,530.37","2,503.79","","-0.47%"
"09/21/2022","2,537.29","2,552.00","2,557.53","2,535.84","","-1.37%"
"09/20/2022","2,572.66","2,578.50","2,586.51","2,564.52","","0.45%"
"09/16/2022","2,561.01","2,567.43","2,570.98","2,557.04","","-1.00%"
"09/15/2022","2,586.90","2,591.79","2,594.26","2,580.10","","0.07%"
"09/14/2022","2,585.04","2,608.02","2,608.02","2,577.65","","-2.53%"
"09/13/2022","2,652.05","2,645.23","2,652.57","2,637.43","","0.56%"
"09/12/2022","2,637.24","2,632.30","2,641.68","2,628.45","","1.09%"
"09/09/2022","2,608.75","2,605.73","2,619.26","2,600.31","","0.45%"
"09/08/2022","2,597.09","2,564.64","2,597.09","2,561.99","","2.49%"
"09/07/2022","2,534.08","2,532.34","2,535.81","2,513.86","","-0.30%"
"09/06/2022","2,541.71","2,551.93","2,568.21","2,539.27","","-0.35%"
"09/05/2022","2,550.64","2,538.05","2,555.64","2,538.05","","0.04%"
"09/02/2022","2,549.54","2,566.69","2,566.69","2,538.13","","-0.46%"
"09/01/2022","2,561.45","2,577.32","2,582.29","2,561.03","","-1.57%"
"08/31/2022","2,602.37","2,582.65","2,602.37","2,581.54","","-0.07%"
"08/30/2022","2,604.21","2,582.08","2,605.74","2,580.02","","1.39%"
"08/29/2022","2,568.46","2,587.66","2,587.79","2,557.59","","-2.37%"
"08/26/2022","2,630.93","2,638.97","2,645.24","2,630.08","","0.16%"
"08/25/2022","2,626.85","2,623.01","2,631.64","2,612.09","","0.30%"
"08/24/2022","2,618.87","2,630.85","2,640.06","2,617.18","","-0.70%"
"08/23/2022","2,637.33","2,645.06","2,647.62","2,632.17","","-1.09%"
"08/22/2022","2,666.34","2,647.67","2,668.11","2,645.65","","-0.32%"
"08/19/2022","2,674.94","2,690.58","2,696.61","2,674.00","","-0.04%"
"08/18/2022","2,676.10","2,675.83","2,680.63","2,664.60","","-0.85%"
"08/17/2022","2,698.96","2,680.08","2,698.96","2,675.09","","1.12%"
"08/16/2022","2,669.04","2,669.99","2,672.60","2,659.75","","0.10%"
"08/15/2022","2,666.36","2,656.00","2,669.58","2,653.61","","0.90%"
"08/12/2022","2,642.61","2,608.80","2,643.30","2,608.80","","2.33%"
"08/10/2022","2,582.54","2,591.41","2,591.41","2,572.63","","-0.69%"
"08/09/2022","2,600.52","2,618.15","2,623.75","2,599.92","","-0.38%"
"08/08/2022","2,610.52","2,600.30","2,613.69","2,597.79","","-0.11%"
"08/05/2022","2,613.41","2,596.71","2,614.88","2,594.47","","0.85%"
"08/04/2022","2,591.29","2,592.77","2,595.20","2,580.42","","0.57%"
"08/03/2022","2,576.68","2,579.47","2,586.51","2,571.04","","0.28%"
"08/02/2022","2,569.46","2,598.88","2,598.88","2,566.17","","-1.42%"
"08/01/2022","2,606.49","2,573.16","2,606.49","2,569.34","","1.66%"
"07/29/2022","2,563.93","2,573.46","2,578.06","2,556.38","","-0.25%"
"07/28/2022","2,570.35","2,582.41","2,583.90","2,552.88","","0.23%"
"07/27/2022","2,564.36","2,561.39","2,570.78","2,554.04","","-0.05%"
"07/26/2022","2,565.54","2,565.04","2,568.95","2,555.88","","-0.26%"
"07/25/2022","2,572.33","2,582.59","2,586.93","2,568.58","","-0.94%"
"07/22/2022","2,596.66","2,576.86","2,599.80","2,571.53","","0.74%"
"07/21/2022","2,577.67","2,557.43","2,577.67","2,552.04","","0.49%"
"07/20/2022","2,565.07","2,530.17","2,565.07","2,530.17","","2.73%"
"07/19/2022","2,497.02","2,502.44","2,503.55","2,479.89","","0.20%"
"07/15/2022","2,492.08","2,492.17","2,499.94","2,473.87","","0.63%"
"07/14/2022","2,476.52","2,444.03","2,479.85","2,444.03","","0.77%"
"07/13/2022","2,457.53","2,460.34","2,466.59","2,453.48","","0.14%"
"07/12/2022","2,454.01","2,485.36","2,485.36","2,447.54","","-1.89%"
"07/11/2022","2,501.34","2,507.92","2,520.81","2,485.68","","1.13%"
"07/08/2022","2,473.46","2,481.85","2,502.56","2,467.09","","0.21%"
"07/07/2022","2,468.22","2,444.07","2,470.53","2,434.88","","1.40%"
"07/06/2022","2,434.07","2,427.86","2,442.23","2,425.64","","0.13%"
"07/05/2022","2,430.91","2,428.00","2,439.12","2,420.11","","0.65%"
"07/04/2022","2,415.15","2,404.95","2,418.83","2,397.87","","1.34%"
"07/01/2022","2,383.19","2,423.88","2,436.98","2,372.59","","-1.45%"
"06/30/2022","2,418.14","2,437.24","2,444.64","2,413.90","","-0.98%"
"06/29/2022","2,442.07","2,431.98","2,442.80","2,428.23","","-0.74%"
"06/28/2022","2,460.18","2,430.07","2,460.18","2,430.07","","0.82%"
"06/27/2022","2,440.07","2,425.43","2,443.11","2,422.00","","1.41%"
"06/24/2022","2,406.14","2,370.85","2,406.14","2,370.85","","1.81%"
"06/23/2022","2,363.41","2,363.14","2,385.58","2,356.94","","0.24%"
"06/22/2022","2,357.75","2,380.95","2,380.95","2,357.75","","-0.28%"
"06/21/2022","2,364.26","2,340.15","2,375.43","2,340.15","","1.91%"
"06/20/2022","2,320.04","2,355.07","2,355.54","2,302.25","","-0.86%"
"06/17/2022","2,340.11","2,333.59","2,347.44","2,312.10","","-1.31%"
"06/16/2022","2,371.11","2,393.25","2,412.86","2,369.98","","0.34%"
"06/15/2022","2,363.03","2,389.04","2,391.90","2,363.03","","-1.48%"
"06/14/2022","2,398.44","2,393.04","2,401.54","2,378.17","","-1.16%"
"06/13/2022","2,426.60","2,452.57","2,455.63","2,423.51","","-2.61%"
"06/10/2022","2,491.67","2,507.69","2,509.79","2,488.58","","-1.70%"
"06/09/2022","2,534.82","2,525.35","2,547.65","2,525.35","","0.03%"
"06/08/2022","2,534.13","2,526.74","2,539.46","2,526.63","","1.10%"
"06/07/2022","2,506.56","2,506.16","2,521.02","2,502.60","","0.11%"
"06/06/2022","2,503.92","2,474.22","2,507.93","2,474.16","","0.25%"
"06/03/2022","2,497.79","2,499.57","2,506.99","2,486.64","","0.71%"
"06/02/2022","2,480.11","2,485.96","2,485.96","2,462.99","","-0.77%"
"06/01/2022","2,499.24","2,475.17","2,501.11","2,475.17","","0.93%"
"05/31/2022","2,476.10","2,478.41","2,491.33","2,469.61","","-0.56%"
"05/30/2022","2,490.07","2,458.72","2,493.68","2,458.72","","2.55%"
"05/27/2022","2,428.16","2,439.64","2,442.56","2,423.27","","0.67%"
"05/26/2022","2,411.97","2,421.54","2,437.88","2,411.97","","-0.39%"
"05/25/2022","2,421.53","2,417.53","2,429.86","2,403.19","","0.05%"
"05/24/2022","2,420.39","2,441.60","2,446.57","2,420.28","","-1.22%"
"05/23/2022","2,450.30","2,444.99","2,454.56","2,437.63","","1.26%"
"05/20/2022","2,419.76","2,405.98","2,422.03","2,398.31","","0.75%"
"05/19/2022","2,401.68","2,397.01","2,404.76","2,379.80","","-1.56%"
"05/18/2022","2,439.69","2,435.25","2,453.16","2,426.78","","0.80%"
"05/17/2022","2,420.37","2,412.98","2,426.39","2,405.26","","0.27%"
"05/16/2022","2,413.94","2,432.46","2,442.17","2,406.46","","0.31%"
"05/13/2022","2,406.57","2,368.16","2,414.93","2,368.16","","2.39%"
"05/12/2022","2,350.47","2,372.09","2,376.00","2,350.26","","-2.16%"
"05/11/2022","2,402.38","2,386.96","2,412.09","2,384.12","","0.32%"
"05/10/2022","2,394.76","2,379.92","2,401.66","2,352.10","","-0.12%"
"05/09/2022","2,397.53","2,431.34","2,434.81","2,397.53","","-2.42%"
"05/06/2022","2,457.11","2,453.94","2,463.37","2,432.30","","-0.21%"
"05/02/2022","2,462.31","2,474.92","2,488.82","2,450.42","","-0.54%"
"04/28/2022","2,475.59","2,445.61","2,477.92","2,438.68","","1.28%"
"04/27/2022","2,444.25","2,429.23","2,446.54","2,408.76","","-0.88%"
"04/26/2022","2,465.95","2,470.30","2,476.30","2,456.59","","0.35%"
"04/25/2022","2,457.33","2,461.52","2,467.44","2,443.74","","-1.71%"
"04/22/2022","2,499.99","2,501.48","2,503.96","2,482.97","","-1.28%"
"04/21/2022","2,532.32","2,504.23","2,534.68","2,504.23","","1.21%"
"04/20/2022","2,501.97","2,510.02","2,528.19","2,494.39","","0.45%"
"04/19/2022","2,490.68","2,497.06","2,501.68","2,478.87","","0.68%"
"04/18/2022","2,473.92","2,479.42","2,482.77","2,451.89","","-1.10%"
"04/15/2022","2,501.31","2,498.78","2,510.93","2,483.52","","-0.99%"
"04/14/2022","2,526.21","2,510.35","2,526.68","2,510.35","","0.87%"
"04/13/2022","2,504.48","2,474.26","2,508.25","2,474.26","","1.73%"
"04/12/2022","2,461.94","2,490.46","2,494.23","2,459.61","","-1.76%"
"04/11/2022","2,505.95","2,520.13","2,520.21","2,495.35","","-1.12%"
"04/08/2022","2,534.44","2,539.29","2,549.37","2,516.52","","0.37%"
"04/07/2022","2,525.16","2,545.21","2,545.97","2,513.93","","-2.03%"
"04/06/2022","2,577.59","2,586.27","2,591.87","2,566.56","","-1.40%"
"04/05/2022","2,614.07","2,634.97","2,634.97","2,604.17","","0.19%"
"04/04/2022","2,609.07","2,600.34","2,609.07","2,590.23","","0.58%"
"04/01/2022","2,593.99","2,577.55","2,602.12","2,558.00","","0.09%"
"03/31/2022","2,591.68","2,606.76","2,621.77","2,591.68","","-1.02%"
"03/30/2022","2,618.49","2,649.46","2,650.66","2,599.37","","-0.90%"
"03/29/2022","2,642.14","2,632.11","2,642.14","2,622.29","","1.09%"
"03/28/2022","2,613.62","2,620.29","2,624.89","2,600.26","","-0.69%"
"03/25/2022","2,631.75","2,647.95","2,648.94","2,618.17","","0.11%"
"03/24/2022","2,628.73","2,601.79","2,628.73","2,582.55","","0.08%"
"03/23/2022","2,626.62","2,585.31","2,628.63","2,585.31","","2.91%"
"03/22/2022","2,552.35","2,553.03","2,567.17","2,544.87","","0.38%"
"03/18/2022","2,542.74","2,531.87","2,547.90","2,528.41","","0.53%"
"03/17/2022","2,529.45","2,491.90","2,538.99","2,491.62","","2.98%"
"03/16/2022","2,456.19","2,437.50","2,463.01","2,433.65","","1.80%"
"03/15/2022","2,412.84","2,389.44","2,423.00","2,389.44","","0.60%"
"03/14/2022","2,398.43","2,400.98","2,424.93","2,397.23","","0.10%"
"03/11/2022","2,396.09","2,431.22","2,433.48","2,380.05","","-2.53%"
"03/10/2022","2,458.37","2,406.97","2,461.28","2,406.08","","3.90%"
"03/09/2022","2,366.02","2,387.58","2,399.83","2,361.77","","-0.44%"
"03/08/2022","2,376.39","2,377.47","2,419.62","2,371.12","","-1.00%"
"03/07/2022","2,400.49","2,436.38","2,436.38","2,383.71","","-2.99%"
"03/04/2022","2,474.42","2,512.64","2,514.99","2,461.69","","-2.07%"
"03/03/2022","2,526.76","2,527.72","2,537.52","2,519.39","","0.85%"
"03/02/2022","2,505.34","2,519.15","2,523.31","2,500.82","","-1.70%"
"03/01/2022","2,548.61","2,552.87","2,563.94","2,547.34","","0.98%"
"02/28/2022","2,523.91","2,506.53","2,528.31","2,494.90","","0.48%"
"02/25/2022","2,511.90","2,494.80","2,515.24","2,489.07","","1.66%"
"02/24/2022","2,470.80","2,482.23","2,495.12","2,452.72","","-0.90%"
"02/22/2022","2,493.21","2,488.96","2,506.32","2,477.41","","-1.43%"
"02/21/2022","2,529.45","2,512.85","2,538.43","2,493.44","","-0.86%"
"02/18/2022","2,551.45","2,536.67","2,560.20","2,521.44","","-0.54%"
"02/17/2022","2,565.25","2,594.09","2,594.09","2,552.39","","-1.29%"
"02/16/2022","2,598.70","2,594.79","2,602.40","2,589.39","","1.40%"
"02/15/2022","2,562.86","2,572.68","2,579.61","2,548.37","","-0.10%"
"02/14/2022","2,565.54","2,589.76","2,589.99","2,544.13","","-2.19%"
"02/10/2022","2,622.85","2,626.33","2,635.85","2,607.13","","0.70%"
"02/09/2022","2,604.66","2,584.85","2,609.23","2,576.09","","1.52%"
"02/08/2022","2,565.60","2,575.27","2,590.06","2,563.38","","0.11%"
"02/07/2022","2,562.67","2,574.38","2,574.38","2,550.28","","-0.78%"
"02/04/2022","2,582.83","2,552.07","2,585.27","2,542.73","","0.88%"
"02/03/2022","2,560.38","2,579.59","2,584.34","2,558.81","","-1.57%"
"02/02/2022","2,601.18","2,558.31","2,601.18","2,558.31","","2.54%"
"02/01/2022","2,536.64","2,561.81","2,585.52","2,532.50","","0.11%"
"01/31/2022","2,533.73","2,489.95","2,545.89","2,485.61","","1.58%"
"01/28/2022","2,494.43","2,485.64","2,502.30","2,458.22","","1.54%"
"01/27/2022","2,456.53","2,548.36","2,553.02","2,447.00","","-3.26%"
"01/26/2022","2,539.38","2,546.15","2,553.91","2,525.85","","-0.34%"
"01/25/2022","2,547.98","2,596.20","2,596.20","2,526.81","","-2.02%"
"01/24/2022","2,600.52","2,575.46","2,604.18","2,562.85","","-0.04%"
"01/21/2022","2,601.49","2,590.33","2,605.68","2,568.64","","-0.74%"
"01/20/2022","2,620.96","2,593.39","2,632.18","2,574.42","","0.93%"
"01/19/2022","2,596.86","2,645.49","2,646.46","2,588.67","","-2.96%"
"01/18/2022","2,676.00","2,690.69","2,711.58","2,663.41","","0.08%"
"01/17/2022","2,673.78","2,673.97","2,686.21","2,666.20","","0.39%"
"01/14/2022","2,663.43","2,685.83","2,685.83","2,642.68","","-1.64%"
"01/13/2022","2,707.97","2,742.90","2,742.90","2,707.85","","-1.55%"
"01/12/2022","2,750.56","2,716.76","2,752.94","2,716.76","","2.10%"
"01/11/2022","2,693.99","2,728.89","2,733.12","2,683.32","","-1.78%"
"01/07/2022","2,742.91","2,773.46","2,781.60","2,724.92","","-0.87%"
"01/06/2022","2,766.85","2,818.16","2,823.81","2,766.85","","-2.79%"
"01/05/2022","2,846.32","2,859.21","2,861.25","2,842.14","","-0.66%"
"01/04/2022","2,865.26","2,850.56","2,867.86","2,832.44","","1.62%"
"12/30/2021","2,819.66","2,821.60","2,834.17","2,801.65","","-0.41%"
"12/29/2021","2,831.20","2,844.38","2,850.82","2,823.05","","-0.65%"
"12/28/2021","2,849.61","2,831.53","2,849.88","2,829.23","","1.42%"
"12/27/2021","2,809.71","2,827.12","2,827.12","2,806.58","","-0.67%"
"12/24/2021","2,828.63","2,839.10","2,840.42","2,827.18","","-0.13%"
"12/23/2021","2,832.28","2,826.18","2,832.28","2,817.28","","0.69%"
"12/22/2021","2,812.76","2,824.44","2,826.19","2,804.94","","-0.17%"
"12/21/2021","2,817.46","2,804.17","2,827.79","2,791.13","","1.77%"
"12/20/2021","2,768.58","2,801.06","2,808.30","2,766.65","","-1.70%"
"12/17/2021","2,816.48","2,855.33","2,856.28","2,811.77","","-1.94%"
"12/16/2021","2,872.23","2,857.39","2,874.51","2,849.76","","1.76%"
"12/15/2021","2,822.52","2,813.72","2,834.71","2,813.72","","0.12%"
"12/14/2021","2,819.02","2,829.91","2,838.99","2,812.38","","-0.40%"
"12/13/2021","2,830.30","2,844.10","2,847.00","2,828.26","","0.43%"
"12/10/2021","2,818.05","2,832.27","2,841.93","2,814.60","","-0.88%"
"12/09/2021","2,843.03","2,856.02","2,863.72","2,843.03","","-0.48%"
"12/08/2021","2,856.85","2,859.47","2,865.76","2,844.32","","1.09%"
"12/07/2021","2,826.11","2,785.14","2,833.30","2,773.49","","2.09%"
"12/06/2021","2,768.23","2,781.48","2,784.17","2,756.87","","-0.54%"
"12/03/2021","2,783.16","2,753.27","2,783.16","2,736.47","","1.34%"
"12/02/2021","2,746.48","2,751.61","2,770.32","2,741.04","","-0.58%"
"12/01/2021","2,762.41","2,772.01","2,778.29","2,738.40","","-0.07%"
"11/30/2021","2,764.29","2,828.09","2,839.55","2,764.29","","-1.10%"
"11/29/2021","2,794.93","2,799.43","2,838.84","2,789.38","","-1.40%"
"11/26/2021","2,834.50","2,876.94","2,878.03","2,821.46","","-1.93%"
"11/25/2021","2,890.35","2,896.95","2,900.21","2,888.24","","0.13%"
"11/24/2021","2,886.69","2,914.47","2,925.23","2,878.81","","-1.80%"
"11/22/2021","2,939.56","2,922.87","2,942.14","2,920.73","","0.04%"
"11/19/2021","2,938.37","2,921.81","2,940.35","2,917.30","","0.68%"
"11/18/2021","2,918.49","2,913.48","2,932.41","2,900.83","","-0.02%"
"11/17/2021","2,918.93","2,929.52","2,935.10","2,909.15","","-0.15%"
"11/16/2021","2,923.34","2,916.94","2,938.38","2,909.91","","0.28%"
"11/15/2021","2,915.29","2,924.54","2,929.35","2,909.48","","0.46%"
"11/12/2021","2,901.85","2,888.08","2,917.12","2,888.08","","1.13%"
"11/11/2021","2,869.41","2,857.90","2,874.99","2,853.10","","0.11%"
"11/10/2021","2,866.39","2,882.27","2,890.87","2,863.63","","-0.66%"
"11/09/2021","2,885.48","2,905.80","2,923.31","2,883.13","","-0.60%"
"11/08/2021","2,902.98","2,928.18","2,928.18","2,902.98","","-0.71%"
"11/05/2021","2,923.67","2,928.86","2,928.86","2,905.15","","-0.06%"
"11/04/2021","2,925.46","2,906.41","2,925.46","2,902.96","","1.47%"
"11/02/2021","2,883.12","2,892.00","2,898.24","2,878.71","","-0.74%"
"11/01/2021","2,904.66","2,878.07","2,904.93","2,877.23","","2.11%"
"10/29/2021","2,844.55","2,835.69","2,845.73","2,810.17","","0.34%"
"10/28/2021","2,834.88","2,837.24","2,843.30","2,823.20","","-0.17%"
"10/27/2021","2,839.72","2,838.86","2,846.92","2,822.64","","-0.08%"
"10/26/2021","2,841.97","2,836.80","2,847.39","2,831.94","","1.01%"
"10/25/2021","2,813.62","2,804.34","2,820.10","2,801.87","","-0.45%"
"10/22/2021","2,826.21","2,811.07","2,841.92","2,804.39","","0.31%"
"10/21/2021","2,817.41","2,840.35","2,851.67","2,815.62","","-1.48%"
"10/20/2021","2,859.86","2,879.45","2,881.87","2,858.95","","-0.17%"
"10/19/2021","2,864.68","2,845.80","2,866.60","2,845.80","","1.16%"
"10/18/2021","2,831.95","2,850.70","2,850.70","2,826.63","","-0.62%"
"10/15/2021","2,849.74","2,820.27","2,850.69","2,815.06","","1.98%"
"10/14/2021","2,794.51","2,769.06","2,794.51","2,763.02","","1.29%"
"10/13/2021","2,759.00","2,760.87","2,779.77","2,759.00","","-0.30%"
"10/12/2021","2,767.19","2,790.77","2,790.77","2,764.28","","-1.13%"
"10/11/2021","2,798.92","2,744.31","2,798.92","2,736.01","","1.51%"
"10/08/2021","2,757.34","2,756.28","2,776.58","2,756.28","","1.48%"
"10/07/2021","2,717.13","2,730.57","2,748.08","2,714.76","","0.06%"
"10/06/2021","2,715.53","2,753.78","2,779.83","2,700.69","","-0.43%"
"10/05/2021","2,727.20","2,744.51","2,746.40","2,702.98","","-1.97%"
"10/04/2021","2,781.94","2,834.94","2,834.94","2,772.42","","-0.94%"
"10/01/2021","2,808.31","2,849.79","2,859.08","2,800.76","","-2.33%"
"09/30/2021","2,875.38","2,866.49","2,880.05","2,848.39","","0.49%"
"09/29/2021","2,861.29","2,871.05","2,872.18","2,839.51","","-2.09%"
"09/28/2021","2,922.45","2,936.68","2,936.68","2,904.21","","-1.07%"
"09/27/2021","2,954.15","2,975.70","2,986.59","2,952.47","","-0.67%"
"09/24/2021","2,974.05","2,957.78","2,975.89","2,954.99","","1.96%"
"09/22/2021","2,916.95","2,937.18","2,942.22","2,916.42","","-1.09%"
"09/21/2021","2,949.01","2,952.18","2,962.60","2,933.56","","-1.85%"
"09/17/2021","3,004.70","2,981.40","3,009.36","2,977.87","","0.67%"
"09/16/2021","2,984.72","3,007.52","3,007.52","2,973.67","","-0.75%"
"09/15/2021","3,007.14","3,008.57","3,011.09","2,993.73","","-0.83%"
"09/14/2021","3,032.33","3,008.87","3,033.45","3,004.59","","0.95%"
"09/13/2021","3,003.89","2,982.91","3,003.89","2,978.28","","0.35%"
"09/10/2021","2,993.53","2,951.85","2,993.53","2,951.85","","1.62%"
"09/09/2021","2,945.92","2,949.88","2,962.82","2,939.66","","-0.77%"
"09/08/2021","2,968.84","2,944.00","2,968.84","2,940.40","","0.68%"
"09/07/2021","2,948.84","2,927.90","2,959.26","2,927.09","","1.39%"
"09/06/2021","2,908.41","2,898.22","2,910.66","2,897.73","","1.27%"
"09/03/2021","2,871.80","2,835.74","2,877.33","2,835.74","","1.60%"
"09/02/2021","2,826.70","2,824.38","2,828.17","2,813.31","","0.36%"
"09/01/2021","2,816.43","2,794.64","2,818.77","2,794.64","","1.09%"
"08/31/2021","2,786.19","2,761.17","2,797.59","2,752.93","","0.71%"
"08/30/2021","2,766.47","2,757.59","2,766.47","2,742.71","","1.05%"
"08/27/2021","2,737.59","2,735.23","2,739.34","2,723.36","","-0.47%"
"08/26/2021","2,750.64","2,756.48","2,756.48","2,745.04","","-0.12%"
"08/25/2021","2,754.08","2,754.40","2,765.94","2,749.29","","-0.13%"
"08/24/2021","2,757.59","2,747.31","2,761.88","2,747.31","","1.15%"
"08/23/2021","2,726.11","2,706.31","2,731.10","2,705.94","","1.89%"
"08/20/2021","2,675.60","2,691.99","2,705.55","2,671.76","","-0.41%"
"08/19/2021","2,686.54","2,691.53","2,704.42","2,684.75","","-0.83%"
"08/18/2021","2,709.01","2,695.83","2,716.77","2,686.40","","0.46%"
"08/17/2021","2,696.57","2,726.72","2,728.59","2,696.57","","-0.51%"
"08/16/2021","2,710.46","2,743.78","2,743.78","2,706.21","","-1.71%"
"08/13/2021","2,757.61","2,753.40","2,763.64","2,752.81","","0.25%"
"08/12/2021","2,750.75","2,762.05","2,775.42","2,749.91","","-0.17%"
"08/11/2021","2,755.49","2,753.09","2,757.80","2,749.18","","0.49%"
"08/10/2021","2,742.10","2,737.57","2,760.56","2,732.11","","0.54%"
"08/06/2021","2,727.24","2,727.43","2,732.32","2,718.56","","-0.07%"
"08/05/2021","2,729.16","2,713.25","2,729.16","2,713.25","","0.58%"
"08/04/2021","2,713.43","2,721.95","2,722.61","2,706.28","","-0.44%"
"08/03/2021","2,725.29","2,723.00","2,735.82","2,714.54","","-0.43%"
"08/02/2021","2,737.04","2,708.20","2,739.59","2,706.80","","2.20%"
"07/30/2021","2,678.19","2,704.02","2,709.83","2,676.83","","-1.11%"
"07/29/2021","2,708.30","2,708.09","2,708.49","2,697.02","","0.50%"
"07/28/2021","2,694.81","2,709.03","2,713.92","2,685.04","","-1.34%"
"07/27/2021","2,731.53","2,728.57","2,733.69","2,723.06","","0.56%"
"07/26/2021","2,716.36","2,729.05","2,734.87","2,712.52","","1.18%"
"07/21/2021","2,684.59","2,691.40","2,709.63","2,674.77","","0.84%"
"07/20/2021","2,662.11","2,655.90","2,674.55","2,651.53","","-0.71%"
"07/19/2021","2,681.15","2,687.50","2,698.74","2,673.82","","-1.30%"
"07/16/2021","2,716.57","2,713.70","2,731.84","2,707.61","","-0.61%"
"07/15/2021","2,733.15","2,768.38","2,768.38","2,731.76","","-1.28%"
"07/14/2021","2,768.56","2,756.04","2,775.68","2,756.04","","0.03%"
"07/13/2021","2,767.74","2,764.85","2,779.65","2,762.23","","0.53%"
"07/12/2021","2,753.19","2,734.72","2,753.19","2,731.89","","2.36%"
"07/09/2021","2,689.83","2,675.37","2,694.07","2,645.53","","-0.73%"
"07/08/2021","2,709.48","2,729.59","2,733.71","2,709.48","","-1.08%"
"07/07/2021","2,738.97","2,719.51","2,746.47","2,716.63","","-0.21%"
"07/06/2021","2,744.61","2,748.03","2,751.37","2,738.05","","0.09%"
"07/05/2021","2,742.16","2,742.10","2,745.88","2,735.62","","-0.25%"
"07/02/2021","2,748.90","2,734.68","2,754.79","2,734.68","","0.62%"
"07/01/2021","2,732.08","2,741.02","2,742.89","2,727.57","","-0.26%"
"06/30/2021","2,739.25","2,757.88","2,764.30","2,739.25","","-0.24%"
"06/29/2021","2,745.75","2,749.80","2,751.15","2,737.16","","-0.33%"
"06/28/2021","2,754.83","2,756.75","2,756.75","2,747.79","","0.13%"
"06/25/2021","2,751.23","2,760.10","2,761.55","2,743.75","","0.58%"
"06/24/2021","2,735.37","2,734.00","2,739.54","2,726.60","","-0.26%"
"06/23/2021","2,742.55","2,750.37","2,759.78","2,742.55","","-0.11%"
"06/22/2021","2,745.56","2,712.67","2,746.06","2,712.05","","2.86%"
"06/21/2021","2,669.25","2,693.32","2,698.72","2,655.49","","-2.42%"
"06/18/2021","2,735.42","2,752.12","2,754.24","2,734.87","","-0.06%"
"06/17/2021","2,737.12","2,744.49","2,751.98","2,730.26","","-0.76%"
"06/16/2021","2,758.12","2,751.50","2,764.69","2,747.61","","-0.14%"
"06/15/2021","2,761.89","2,744.45","2,763.23","2,744.45","","0.88%"
"06/14/2021","2,737.73","2,743.03","2,743.03","2,725.37","","0.62%"
"06/11/2021","2,720.73","2,715.93","2,727.09","2,708.64","","0.27%"
"06/10/2021","2,713.30","2,706.79","2,722.85","2,704.69","","0.04%"
"06/09/2021","2,712.08","2,718.81","2,723.57","2,712.08","","-0.39%"
"06/08/2021","2,722.73","2,723.61","2,734.25","2,719.36","","0.16%"
"06/07/2021","2,718.49","2,729.10","2,729.10","2,712.21","","0.35%"
"06/04/2021","2,709.05","2,700.08","2,712.11","2,691.60","","-0.26%"
"06/03/2021","2,716.11","2,702.63","2,725.71","2,701.39","","0.79%"
"06/02/2021","2,694.90","2,689.49","2,701.08","2,666.41","","0.20%"
"06/01/2021","2,689.45","2,706.98","2,709.00","2,678.58","","-0.23%"
"05/31/2021","2,695.56","2,727.36","2,732.28","2,691.10","","-1.12%"
"05/28/2021","2,726.17","2,718.23","2,728.90","2,712.05","","1.53%"
"05/27/2021","2,685.12","2,682.79","2,690.08","2,675.09","","-0.12%"
"05/26/2021","2,688.36","2,675.10","2,696.08","2,675.10","","0.23%"
"05/25/2021","2,682.24","2,681.09","2,683.29","2,674.36","","0.48%"
"05/24/2021","2,669.47","2,660.94","2,680.23","2,660.94","","0.07%"
"05/21/2021","2,667.60","2,661.25","2,675.02","2,657.66","","0.84%"
"05/20/2021","2,645.41","2,629.98","2,652.82","2,628.57","","0.41%"
"05/19/2021","2,634.62","2,624.13","2,640.45","2,613.97","","-0.54%"
"05/18/2021","2,648.90","2,622.99","2,654.24","2,619.60","","1.53%"
"05/17/2021","2,608.86","2,639.07","2,639.07","2,597.68","","-0.49%"
"05/14/2021","2,621.73","2,598.85","2,629.48","2,591.99","","2.11%"
"05/13/2021","2,567.46","2,603.32","2,603.32","2,562.86","","-1.86%"
"05/12/2021","2,616.18","2,664.40","2,670.66","2,597.80","","-1.47%"
"05/11/2021","2,655.24","2,704.19","2,704.19","2,650.73","","-2.60%"
"05/10/2021","2,726.13","2,710.00","2,730.39","2,707.18","","0.55%"
"05/07/2021","2,711.11","2,705.59","2,723.83","2,705.59","","-0.03%"
"05/06/2021","2,711.81","2,710.68","2,725.68","2,706.23","","0.94%"
"04/30/2021","2,686.57","2,704.00","2,706.02","2,686.02","","-0.32%"
"04/28/2021","2,695.26","2,683.40","2,706.24","2,683.40","","0.07%"
"04/27/2021","2,693.37","2,712.92","2,712.92","2,693.37","","-0.92%"
"04/26/2021","2,718.36","2,717.07","2,727.71","2,697.92","","0.23%"
"04/23/2021","2,712.08","2,712.39","2,714.75","2,698.31","","-0.71%"
"04/22/2021","2,731.50","2,708.52","2,731.50","2,702.78","","2.20%"
"04/21/2021","2,672.70","2,688.89","2,691.70","2,665.83","","-1.96%"
"04/20/2021","2,726.05","2,735.94","2,741.87","2,722.43","","-1.68%"
"04/19/2021","2,772.72","2,779.39","2,786.15","2,770.91","","-0.26%"
"04/16/2021","2,779.85","2,781.33","2,783.22","2,770.09","","0.25%"
"04/15/2021","2,772.78","2,772.23","2,786.56","2,767.75","","-0.11%"
"04/14/2021","2,775.70","2,776.41","2,781.35","2,765.90","","-0.14%"
"04/13/2021","2,779.62","2,774.91","2,797.58","2,770.46","","0.22%"
"04/12/2021","2,773.50","2,796.93","2,796.93","2,773.50","","-0.61%"
"04/09/2021","2,790.53","2,800.39","2,820.48","2,790.53","","0.16%"
"04/08/2021","2,786.14","2,787.22","2,790.35","2,775.61","","-0.10%"
"04/07/2021","2,789.01","2,777.12","2,797.91","2,771.22","","0.51%"
"04/06/2021","2,774.99","2,826.48","2,826.48","2,773.37","","-1.56%"
"04/05/2021","2,818.93","2,830.83","2,830.83","2,813.68","","0.09%"
"04/02/2021","2,816.43","2,817.41","2,819.93","2,809.11","","1.02%"
"04/01/2021","2,788.07","2,791.94","2,798.23","2,778.64","","0.87%"
"03/31/2021","2,764.13","2,774.36","2,792.88","2,764.13","","-1.06%"
"03/30/2021","2,793.74","2,808.60","2,808.60","2,785.55","","-0.69%"
"03/29/2021","2,813.15","2,816.23","2,828.28","2,788.84","","0.92%"
"03/26/2021","2,787.61","2,772.20","2,790.15","2,765.75","","1.26%"
"03/25/2021","2,752.93","2,726.16","2,761.05","2,724.64","","1.33%"
"03/24/2021","2,716.79","2,750.73","2,755.19","2,715.71","","-1.53%"
"03/23/2021","2,758.96","2,791.70","2,806.07","2,758.96","","-0.60%"
"03/22/2021","2,775.75","2,791.98","2,791.98","2,767.76","","-1.45%"
"03/19/2021","2,816.66","2,795.16","2,816.66","2,791.78","","-0.27%"
"03/18/2021","2,824.36","2,802.94","2,832.35","2,799.79","","1.40%"
"03/17/2021","2,785.26","2,774.90","2,786.70","2,769.39","","0.17%"
"03/16/2021","2,780.50","2,757.57","2,780.50","2,757.28","","0.91%"
"03/15/2021","2,755.32","2,746.12","2,755.32","2,733.68","","0.36%"
"03/12/2021","2,745.31","2,705.98","2,745.31","2,702.79","","1.74%"
"03/11/2021","2,698.23","2,685.12","2,702.17","2,672.37","","0.28%"
"03/10/2021","2,690.58","2,701.61","2,711.96","2,684.27","","0.06%"
"03/09/2021","2,688.85","2,672.41","2,692.97","2,651.06","","0.48%"
"03/08/2021","2,675.96","2,733.67","2,733.67","2,666.65","","-1.13%"
"03/05/2021","2,706.49","2,668.39","2,706.49","2,650.19","","0.67%"
"03/04/2021","2,688.43","2,691.98","2,703.19","2,662.85","","-1.36%"
"03/03/2021","2,725.61","2,733.86","2,734.75","2,708.96","","-0.20%"
"03/02/2021","2,731.11","2,754.46","2,759.06","2,717.31","","-0.28%"
"03/01/2021","2,738.78","2,721.46","2,743.56","2,720.27","","2.11%"
"02/26/2021","2,682.11","2,744.47","2,744.47","2,682.11","","-3.50%"
"02/25/2021","2,779.53","2,778.27","2,792.41","2,773.63","","1.07%"
"02/24/2021","2,750.15","2,800.14","2,802.24","2,750.15","","-2.65%"
"02/22/2021","2,824.93","2,841.58","2,845.50","2,820.65","","0.08%"
"02/19/2021","2,822.56","2,823.15","2,835.82","2,813.14","","-0.82%"
"02/18/2021","2,845.77","2,855.04","2,865.73","2,836.17","","-0.45%"
"02/17/2021","2,858.57","2,867.98","2,869.29","2,846.85","","-0.54%"
"02/16/2021","2,874.07","2,869.36","2,887.96","2,861.14","","0.42%"
"02/15/2021","2,862.00","2,842.51","2,862.00","2,842.04","","1.21%"
"02/12/2021","2,827.88","2,830.00","2,832.52","2,819.62","","0.34%"
"02/10/2021","2,818.37","2,811.65","2,820.42","2,805.63","","-0.03%"
"02/09/2021","2,819.17","2,799.48","2,820.02","2,792.91","","0.76%"
"02/08/2021","2,797.96","2,767.42","2,799.49","2,758.36","","1.47%"
"02/05/2021","2,757.40","2,749.67","2,759.50","2,743.21","","1.00%"
"02/04/2021","2,730.10","2,744.56","2,749.01","2,723.70","","-1.08%"
"02/03/2021","2,759.97","2,753.18","2,761.51","2,742.92","","0.71%"
"02/02/2021","2,740.40","2,733.59","2,741.25","2,720.76","","0.48%"
"02/01/2021","2,727.33","2,690.73","2,730.84","2,690.73","","1.43%"
"01/29/2021","2,688.89","2,739.69","2,750.48","2,688.32","","-1.45%"
"01/28/2021","2,728.41","2,723.96","2,746.40","2,720.08","","-1.36%"
"01/27/2021","2,765.97","2,752.99","2,766.71","2,750.66","","1.08%"
"01/26/2021","2,736.31","2,747.52","2,758.25","2,736.31","","-0.84%"
"01/25/2021","2,759.40","2,756.49","2,759.54","2,744.81","","0.31%"
"01/22/2021","2,750.92","2,734.84","2,754.55","2,731.94","","0.07%"
"01/21/2021","2,749.01","2,741.30","2,758.39","2,741.30","","0.67%"
"01/20/2021","2,730.79","2,753.95","2,753.95","2,721.46","","-0.75%"
"01/19/2021","2,751.29","2,744.77","2,757.82","2,743.10","","0.44%"
"01/18/2021","2,739.19","2,724.99","2,746.95","2,722.43","","-0.14%"
"01/15/2021","2,743.10","2,779.48","2,779.48","2,741.44","","-1.13%"
"01/14/2021","2,774.49","2,751.83","2,797.85","2,751.83","","0.55%"
"01/13/2021","2,759.44","2,739.93","2,765.63","2,739.19","","0.37%"
"01/12/2021","2,749.18","2,739.73","2,752.44","2,729.41","","-0.09%"
"01/08/2021","2,751.78","2,712.24","2,751.78","2,709.51","","1.79%"
"01/07/2021","2,703.33","2,687.46","2,717.14","2,687.42","","1.44%"
"01/06/2021","2,665.02","2,674.96","2,690.82","2,663.22","","-0.50%"
"01/05/2021","2,678.30","2,675.38","2,684.29","2,667.73","","-0.18%"
"01/04/2021","2,683.17","2,701.70","2,701.70","2,651.63","","-0.43%"
"12/30/2020","2,694.76","2,699.35","2,709.65","2,684.19","","-0.70%"
"12/29/2020","2,713.79","2,674.41","2,714.33","2,674.41","","1.79%"
"12/28/2020","2,666.19","2,660.68","2,668.05","2,651.86","","0.64%"
"12/25/2020","2,649.28","2,648.60","2,652.09","2,642.90","","0.20%"
"12/24/2020","2,644.05","2,641.12","2,650.09","2,637.25","","0.43%"
"12/23/2020","2,632.63","2,624.76","2,632.63","2,614.06","","0.90%"
"12/22/2020","2,609.13","2,632.76","2,635.71","2,599.72","","-1.57%"
"12/21/2020","2,650.68","2,665.63","2,669.39","2,634.08","","-0.19%"
"12/18/2020","2,655.74","2,661.72","2,665.18","2,644.78","","-0.24%"
"12/17/2020","2,662.18","2,637.52","2,664.80","2,629.37","","1.07%"
"12/16/2020","2,634.02","2,647.03","2,651.30","2,629.48","","0.06%"
"12/15/2020","2,632.33","2,647.16","2,648.97","2,627.53","","-0.38%"
"12/14/2020","2,642.35","2,644.95","2,666.45","2,641.52","","0.23%"
"12/11/2020","2,636.26","2,633.61","2,640.20","2,621.34","","0.10%"
"12/10/2020","2,633.56","2,631.34","2,633.58","2,620.80","","-0.35%"
"12/09/2020","2,642.83","2,617.84","2,643.00","2,617.84","","0.87%"
"12/08/2020","2,620.09","2,605.41","2,622.02","2,603.01","","0.24%"
"12/07/2020","2,613.73","2,648.76","2,648.76","2,610.63","","-1.18%"
"12/04/2020","2,644.91","2,643.50","2,646.34","2,628.17","","-0.25%"
"12/03/2020","2,651.48","2,652.75","2,661.89","2,642.26","","-0.25%"
"12/02/2020","2,658.05","2,666.91","2,673.05","2,651.35","","-0.15%"
"12/01/2020","2,662.14","2,666.01","2,675.41","2,655.74","","0.48%"
"11/30/2020","2,649.35","2,678.86","2,679.42","2,645.65","","-0.71%"
"11/27/2020","2,668.28","2,653.03","2,678.13","2,651.19","","0.91%"
"11/26/2020","2,644.24","2,612.47","2,645.84","2,611.31","","1.28%"
"11/25/2020","2,610.94","2,631.25","2,646.71","2,608.02","","0.17%"
"11/24/2020","2,606.52","2,590.76","2,611.92","2,590.59","","2.20%"
"11/20/2020","2,550.37","2,549.44","2,551.61","2,539.12","","-0.21%"
"11/19/2020","2,555.70","2,536.68","2,555.70","2,527.58","","0.57%"
"11/18/2020","2,541.24","2,546.56","2,550.12","2,532.82","","-0.67%"
"11/17/2020","2,558.41","2,571.78","2,571.78","2,540.84","","-0.49%"
"11/16/2020","2,570.95","2,548.73","2,576.08","2,545.70","","1.46%"
"11/13/2020","2,533.90","2,548.20","2,548.20","2,517.35","","-1.01%"
"11/12/2020","2,559.75","2,560.46","2,572.10","2,543.00","","0.30%"
"11/11/2020","2,552.17","2,538.47","2,552.90","2,530.84","","1.52%"
"11/10/2020","2,514.04","2,537.91","2,551.96","2,505.92","","-0.59%"
"11/09/2020","2,529.00","2,508.42","2,536.77","2,507.50","","1.86%"
"11/06/2020","2,482.83","2,476.33","2,487.85","2,470.73","","0.22%"
"11/05/2020","2,477.26","2,441.93","2,480.41","2,440.85","","2.13%"
"11/04/2020","2,425.51","2,410.54","2,429.70","2,404.43","","1.48%"
"11/02/2020","2,390.05","2,377.08","2,402.32","2,374.34","","1.45%"
"10/30/2020","2,355.90","2,395.31","2,395.31","2,354.35","","-2.26%"
"10/29/2020","2,410.28","2,398.40","2,413.77","2,398.40","","-0.36%"
"10/28/2020","2,418.92","2,390.80","2,421.21","2,390.80","","0.87%"
"10/27/2020","2,398.02","2,377.20","2,398.02","2,361.11","","0.14%"
"10/26/2020","2,394.59","2,412.39","2,416.63","2,391.82","","-0.79%"
"10/23/2020","2,413.56","2,416.78","2,418.82","2,397.64","","-0.01%"
"10/22/2020","2,413.79","2,427.01","2,427.01","2,406.79","","-1.09%"
"10/21/2020","2,440.27","2,447.89","2,460.09","2,440.27","","0.27%"
"10/20/2020","2,433.82","2,441.96","2,447.62","2,429.86","","-0.40%"
"10/19/2020","2,443.48","2,428.50","2,450.35","2,428.50","","1.16%"
"10/16/2020","2,415.54","2,429.30","2,430.65","2,410.80","","-0.75%"
"10/15/2020","2,433.88","2,448.62","2,449.38","2,427.45","","-0.82%"
"10/14/2020","2,453.99","2,446.94","2,454.54","2,443.94","","0.30%"
"10/13/2020","2,446.55","2,449.15","2,450.02","2,436.86","","0.32%"
"10/12/2020","2,438.67","2,441.35","2,443.57","2,431.64","","-0.07%"
"10/09/2020","2,440.30","2,445.78","2,447.92","2,431.34","","-0.05%"
"10/08/2020","2,441.51","2,425.62","2,445.22","2,420.73","","0.88%"
"10/07/2020","2,420.16","2,407.34","2,422.65","2,405.31","","0.20%"
"10/06/2020","2,415.23","2,415.18","2,416.72","2,406.14","","0.31%"
"10/05/2020","2,407.72","2,399.09","2,416.31","2,398.41","","1.37%"
"10/02/2020","2,375.19","2,415.69","2,419.49","2,365.65","","-0.94%"
"10/01/2020","2,397.63","2,397.63","2,397.63","2,397.63","","0.00%"
"09/30/2020","2,397.63","2,431.52","2,436.63","2,397.63","","-1.78%"
"09/29/2020","2,441.14","2,419.89","2,452.45","2,413.45","","0.43%"
"09/28/2020","2,430.70","2,413.63","2,430.70","2,401.92","","1.70%"
"09/25/2020","2,390.04","2,387.61","2,394.16","2,382.47","","0.60%"
"09/24/2020","2,375.82","2,384.44","2,393.69","2,373.34","","-0.78%"
"09/23/2020","2,394.51","2,391.61","2,396.67","2,378.72","","0.36%"
"09/18/2020","2,385.92","2,367.76","2,385.92","2,367.32","","0.78%"
"09/17/2020","2,367.42","2,365.97","2,370.94","2,356.82","","-0.07%"
"09/16/2020","2,369.18","2,359.72","2,373.33","2,359.02","","0.56%"
"09/15/2020","2,356.06","2,361.12","2,363.11","2,351.48","","-0.48%"
"09/14/2020","2,367.35","2,355.01","2,370.43","2,354.00","","0.73%"
"09/11/2020","2,350.17","2,338.96","2,350.17","2,328.63","","0.99%"
"09/10/2020","2,327.14","2,320.70","2,329.33","2,318.48","","0.98%"
"09/09/2020","2,304.58","2,297.91","2,307.17","2,285.64","","-0.69%"
"09/08/2020","2,320.50","2,310.13","2,320.50","2,303.84","","0.79%"
"09/07/2020","2,302.29","2,304.64","2,317.53","2,299.63","","-0.66%"
"09/04/2020","2,317.64","2,322.61","2,325.69","2,312.72","","-1.51%"
"09/03/2020","2,353.15","2,362.38","2,363.68","2,348.53","","0.54%"
"09/02/2020","2,340.42","2,327.62","2,340.42","2,325.13","","0.95%"
"09/01/2020","2,318.38","2,315.17","2,320.84","2,303.65","","0.10%"
"08/31/2020","2,315.96","2,323.76","2,335.51","2,315.51","","0.92%"
"08/28/2020","2,294.90","2,325.68","2,337.98","2,275.75","","-1.29%"
"08/27/2020","2,324.85","2,332.13","2,333.56","2,322.98","","-0.24%"
"08/26/2020","2,330.53","2,328.75","2,333.07","2,321.79","","-0.03%"
"08/25/2020","2,331.28","2,339.71","2,347.71","2,330.10","","0.42%"
"08/24/2020","2,321.51","2,307.28","2,322.11","2,306.14","","0.48%"
"08/21/2020","2,310.47","2,314.05","2,322.43","2,305.70","","0.41%"
"08/20/2020","2,301.13","2,317.40","2,321.62","2,299.31","","-0.99%"
"08/19/2020","2,324.16","2,318.24","2,328.72","2,315.41","","0.10%"
"08/18/2020","2,321.73","2,312.32","2,323.82","2,306.05","","0.47%"
"08/17/2020","2,310.80","2,327.96","2,330.43","2,310.80","","-0.87%"
"08/14/2020","2,331.12","2,329.79","2,336.77","2,322.73","","0.15%"
"08/13/2020","2,327.69","2,308.59","2,333.46","2,305.96","","1.75%"
"08/12/2020","2,287.73","2,260.82","2,290.31","2,258.62","","1.21%"
"08/11/2020","2,260.39","2,231.32","2,260.39","2,231.32","","1.76%"
"08/07/2020","2,221.27","2,231.24","2,235.69","2,214.27","","-0.35%"
"08/06/2020","2,229.02","2,237.13","2,242.95","2,224.93","","-0.50%"
"08/05/2020","2,240.25","2,233.39","2,241.43","2,221.88","","0.06%"
"08/04/2020","2,238.94","2,226.56","2,245.38","2,226.56","","1.41%"
"08/03/2020","2,207.78","2,196.65","2,207.79","2,185.66","","1.10%"
"07/31/2020","2,183.76","2,228.47","2,228.71","2,183.76","","-2.19%"
"07/30/2020","2,232.60","2,247.05","2,249.56","2,231.65","","-0.33%"
"07/29/2020","2,239.96","2,251.00","2,251.00","2,236.16","","-0.80%"
"07/28/2020","2,257.92","2,270.40","2,279.41","2,255.35","","-0.36%"
"07/27/2020","2,266.01","2,236.87","2,266.01","2,235.50","","0.21%"
"07/22/2020","2,261.35","2,259.81","2,267.71","2,256.97","","-0.47%"
"07/21/2020","2,272.02","2,262.18","2,273.41","2,261.89","","0.98%"
"07/20/2020","2,250.02","2,253.62","2,255.32","2,233.23","","0.28%"
"07/17/2020","2,243.82","2,252.21","2,255.92","2,237.26","","-0.20%"
"07/16/2020","2,248.24","2,263.00","2,263.00","2,246.75","","-1.32%"
"07/15/2020","2,278.36","2,257.30","2,280.02","2,257.16","","1.54%"
"07/14/2020","2,243.81","2,251.57","2,255.85","2,233.58","","-0.75%"
"07/13/2020","2,260.75","2,245.20","2,260.75","2,235.86","","1.70%"
"07/10/2020","2,223.03","2,250.59","2,256.94","2,223.03","","-1.47%"
"07/09/2020","2,256.31","2,248.45","2,273.09","2,242.62","","0.31%"
"07/08/2020","2,249.34","2,266.78","2,283.32","2,249.34","","-0.92%"
"07/07/2020","2,270.24","2,259.85","2,277.19","2,257.60","","0.38%"
"07/06/2020","2,261.72","2,238.84","2,261.72","2,237.97","","1.23%"
"07/03/2020","2,234.15","2,220.70","2,234.15","2,216.02","","1.22%"
"07/02/2020","2,207.25","2,225.96","2,228.37","2,199.05","","-0.34%"
"07/01/2020","2,214.67","2,243.66","2,245.82","2,207.14","","-1.10%"
"06/30/2020","2,239.28","2,257.28","2,257.70","2,237.88","","0.41%"
"06/29/2020","2,230.22","2,239.93","2,245.88","2,227.66","","-1.32%"
"06/26/2020","2,259.96","2,251.16","2,267.49","2,247.62","","0.83%"
"06/25/2020","2,241.30","2,240.68","2,254.90","2,234.10","","-0.64%"
"06/24/2020","2,255.83","2,257.88","2,262.43","2,248.31","","-0.16%"
"06/23/2020","2,259.40","2,261.04","2,273.38","2,235.07","","0.44%"
"06/22/2020","2,249.43","2,244.02","2,258.84","2,241.43","","-0.16%"
"06/19/2020","2,253.00","2,249.04","2,255.91","2,237.57","","0.44%"
"06/18/2020","2,243.04","2,244.28","2,248.85","2,223.80","","-0.11%"
"06/17/2020","2,245.48","2,248.82","2,253.76","2,236.14","","0.09%"
"06/16/2020","2,243.50","2,197.28","2,249.92","2,196.86","","3.61%"
"06/15/2020","2,165.36","2,211.30","2,223.39","2,165.36","","-2.60%"
"06/12/2020","2,223.15","2,211.79","2,229.17","2,188.46","","-1.18%"
"06/11/2020","2,249.78","2,267.42","2,280.09","2,248.47","","-1.26%"
"06/10/2020","2,278.59","2,272.37","2,285.37","2,267.20","","0.31%"
"06/09/2020","2,271.60","2,259.82","2,272.99","2,254.67","","0.20%"
"06/08/2020","2,267.12","2,273.54","2,275.04","2,253.38","","0.09%"
"06/05/2020","2,265.04","2,256.49","2,265.04","2,249.21","","-0.21%"
"06/04/2020","2,269.71","2,279.46","2,279.46","2,249.97","","0.40%"
"06/03/2020","2,260.56","2,272.53","2,280.00","2,247.05","","0.46%"
"06/02/2020","2,250.18","2,230.24","2,255.69","2,230.24","","1.21%"
"06/01/2020","2,223.21","2,206.22","2,227.33","2,206.22","","0.71%"
"05/29/2020","2,207.57","2,208.64","2,216.12","2,198.86","","-0.32%"
"05/28/2020","2,214.75","2,186.69","2,214.75","2,183.61","","1.59%"
"05/27/2020","2,180.06","2,168.90","2,182.30","2,160.51","","0.57%"
"05/26/2020","2,167.71","2,143.90","2,170.42","2,143.90","","1.84%"
"05/25/2020","2,128.64","2,114.42","2,128.64","2,111.01","","1.74%"
"05/22/2020","2,092.31","2,101.86","2,108.95","2,088.25","","-0.45%"
"05/21/2020","2,101.75","2,113.01","2,116.37","2,095.64","","-0.16%"
"05/20/2020","2,105.02","2,084.93","2,111.76","2,084.06","","1.00%"
"05/19/2020","2,084.25","2,077.69","2,088.38","2,073.29","","1.46%"
"05/18/2020","2,054.16","2,048.84","2,057.78","2,040.46","","0.51%"
"05/15/2020","2,043.75","2,049.49","2,051.22","2,024.42","","0.53%"
"05/14/2020","2,033.00","2,054.13","2,062.69","2,033.00","","-1.69%"
"05/13/2020","2,068.01","2,048.81","2,071.26","2,043.08","","0.17%"
"05/12/2020","2,064.46","2,064.78","2,069.27","2,059.07","","0.16%"
"05/11/2020","2,061.22","2,051.77","2,067.73","2,048.56","","0.98%"
"05/08/2020","2,041.30","2,030.94","2,041.30","2,024.58","","1.70%"
"05/07/2020","2,007.13","1,991.77","2,008.68","1,991.63","","0.49%"
"05/01/2020","1,997.30","2,019.16","2,023.02","1,989.41","","-1.59%"
"04/30/2020","2,029.58","2,040.82","2,045.79","2,028.88","","0.69%"
"04/28/2020","2,015.63","1,999.18","2,016.70","1,996.03","","0.57%"
"04/27/2020","2,004.13","1,985.30","2,007.23","1,985.26","","1.59%"
"04/24/2020","1,972.74","1,963.77","1,973.07","1,956.70","","-0.21%"
"04/23/2020","1,976.89","1,972.32","1,976.89","1,964.28","","0.84%"
"04/22/2020","1,960.48","1,955.29","1,963.67","1,935.78","","-0.27%"
"04/21/2020","1,965.72","1,976.55","1,987.37","1,961.60","","-1.30%"
"04/20/2020","1,991.62","1,993.88","1,998.59","1,985.68","","-0.76%"
"04/17/2020","2,006.95","1,998.71","2,024.24","1,994.26","","1.56%"
"04/16/2020","1,976.09","1,966.11","1,979.21","1,957.07","","-0.64%"
"04/15/2020","1,988.89","1,976.10","1,995.18","1,972.24","","0.81%"
"04/14/2020","1,972.90","1,935.53","1,975.03","1,935.53","","2.45%"
"04/13/2020","1,925.80","1,941.57","1,946.88","1,924.43","","-1.58%"
"04/10/2020","1,956.77","1,937.18","1,958.53","1,915.16","","0.76%"
"04/09/2020","1,941.94","1,945.24","1,950.12","1,918.34","","-0.62%"
"04/08/2020","1,954.01","1,922.78","1,963.21","1,909.55","","1.98%"
"04/07/2020","1,915.98","1,903.52","1,933.17","1,884.88","","2.39%"
"04/06/2020","1,871.23","1,821.91","1,876.56","1,814.45","","3.08%"
"04/03/2020","1,815.30","1,830.57","1,844.73","1,801.29","","-0.28%"
"04/02/2020","1,820.40","1,834.46","1,841.56","1,816.36","","-1.07%"
"04/01/2020","1,840.01","1,891.98","1,900.58","1,826.54","","-3.55%"
"03/31/2020","1,907.65","1,947.38","1,960.66","1,903.42","","-1.82%"
"03/30/2020","1,943.01","1,915.17","1,943.01","1,887.16","","-0.76%"
"03/27/2020","1,957.92","1,913.86","1,957.92","1,900.69","","4.39%"
"03/26/2020","1,875.58","1,881.36","1,890.74","1,848.87","","-1.68%"
"03/25/2020","1,907.59","1,831.70","1,907.59","1,831.25","","6.15%"
"03/24/2020","1,797.01","1,767.96","1,802.22","1,766.37","","3.12%"
"03/23/2020","1,742.72","1,732.10","1,754.17","1,705.20","","0.26%"
"03/19/2020","1,738.15","1,755.42","1,767.22","1,723.79","","0.74%"
"03/18/2020","1,725.30","1,724.39","1,778.61","1,721.08","","0.98%"
"03/17/2020","1,708.58","1,637.79","1,723.95","1,614.63","","3.01%"
"03/16/2020","1,658.62","1,725.72","1,728.23","1,653.48","","-2.50%"
"03/13/2020","1,701.22","1,742.79","1,752.00","1,617.60","","-4.43%"
"03/12/2020","1,780.14","1,827.22","1,828.15","1,760.38","","-4.22%"
"03/11/2020","1,858.59","1,885.46","1,907.50","1,857.38","","-1.43%"
"03/10/2020","1,885.49","1,841.00","1,896.38","1,785.17","","1.53%"
"03/09/2020","1,857.05","1,917.20","1,917.80","1,839.35","","-5.00%"
"03/06/2020","1,954.77","1,976.33","1,979.68","1,943.36","","-2.38%"
"03/05/2020","2,002.44","2,004.18","2,006.57","1,991.56","","1.18%"
"03/04/2020","1,979.13","1,958.29","1,992.71","1,955.27","","-0.04%"
"03/03/2020","1,980.02","2,034.97","2,039.12","1,980.02","","-1.29%"
"03/02/2020","2,005.89","1,952.40","2,023.44","1,952.40","","1.44%"
"02/28/2020","1,977.50","2,009.06","2,009.49","1,963.63","","-3.44%"
"02/27/2020","2,048.00","2,083.79","2,083.79","2,038.41","","-2.41%"
"02/26/2020","2,098.53","2,092.80","2,101.81","2,071.98","","-0.82%"
"02/25/2020","2,115.78","2,147.88","2,147.88","2,104.84","","-3.37%"
"02/21/2020","2,189.57","2,192.68","2,207.40","2,189.06","","-0.26%"
"02/20/2020","2,195.33","2,213.95","2,221.05","2,191.98","","0.04%"
"02/19/2020","2,194.35","2,194.75","2,201.28","2,186.98","","0.67%"
"02/18/2020","2,179.83","2,202.88","2,203.49","2,175.61","","-1.68%"
"02/17/2020","2,217.11","2,222.11","2,222.11","2,205.68","","-1.00%"
"02/14/2020","2,239.41","2,245.19","2,246.74","2,234.78","","-0.73%"
"02/13/2020","2,255.79","2,253.51","2,258.00","2,247.40","","-0.08%"
"02/12/2020","2,257.52","2,260.51","2,261.74","2,245.83","","0.20%"
"02/10/2020","2,252.92","2,251.61","2,259.93","2,248.62","","-0.70%"
"02/07/2020","2,268.70","2,275.38","2,278.47","2,264.52","","-0.27%"
"02/06/2020","2,274.78","2,247.96","2,282.44","2,246.43","","2.20%"
"02/05/2020","2,225.85","2,224.90","2,232.23","2,220.44","","1.26%"
"02/04/2020","2,198.05","2,180.02","2,200.82","2,178.21","","0.78%"
"02/03/2020","2,181.13","2,166.89","2,186.23","2,156.21","","-0.74%"
"01/31/2020","2,197.44","2,197.91","2,214.77","2,192.31","","0.55%"
"01/30/2020","2,185.49","2,214.38","2,220.09","2,176.65","","-1.70%"
"01/29/2020","2,223.23","2,216.41","2,223.74","2,208.53","","0.40%"
"01/28/2020","2,214.37","2,206.31","2,217.48","2,201.82","","-0.58%"
"01/27/2020","2,227.32","2,238.28","2,238.28","2,224.66","","-2.12%"
"01/24/2020","2,275.64","2,281.70","2,284.05","2,268.69","","-0.03%"
"01/23/2020","2,276.43","2,278.71","2,286.26","2,272.04","","-0.65%"
"01/22/2020","2,291.36","2,274.49","2,291.61","2,274.30","","0.89%"
"01/21/2020","2,271.24","2,289.58","2,290.45","2,269.42","","-0.91%"
"01/20/2020","2,292.16","2,288.79","2,294.23","2,288.66","","0.53%"
"01/17/2020","2,280.16","2,289.85","2,290.43","2,277.14","","0.11%"
"01/16/2020","2,277.62","2,288.09","2,288.09","2,273.03","","-0.28%"
"01/15/2020","2,284.13","2,290.28","2,292.83","2,279.32","","-0.63%"
"01/14/2020","2,298.72","2,301.49","2,303.08","2,291.53","","0.17%"
"01/10/2020","2,294.77","2,289.87","2,298.02","2,287.65","","0.65%"
"01/09/2020","2,279.86","2,266.26","2,282.74","2,266.05","","1.86%"
"01/08/2020","2,238.31","2,237.47","2,245.03","2,209.57","","-1.31%"
"01/07/2020","2,268.01","2,242.26","2,269.32","2,242.26","","1.78%"
"01/06/2020","2,228.32","2,232.49","2,233.36","2,220.26","","-1.26%"
"12/30/2019","2,256.77","2,267.19","2,267.19","2,254.30","","-0.68%"
"12/27/2019","2,272.17","2,277.67","2,279.42","2,272.17","","-0.06%"
"12/26/2019","2,273.53","2,265.06","2,273.73","2,264.60","","0.45%"
"12/25/2019","2,263.30","2,270.03","2,270.16","2,261.78","","-0.36%"
"12/24/2019","2,271.49","2,271.55","2,273.12","2,266.46","","0.10%"
"12/23/2019","2,269.21","2,280.44","2,280.44","2,266.86","","-0.12%"
"12/20/2019","2,271.99","2,274.55","2,278.10","2,262.09","","0.03%"
"12/19/2019","2,271.41","2,272.59","2,280.71","2,265.97","","-0.21%"
"12/18/2019","2,276.28","2,287.11","2,287.48","2,272.85","","-0.63%"
"12/17/2019","2,290.74","2,282.80","2,290.74","2,275.17","","0.70%"
"12/16/2019","2,274.85","2,275.13","2,282.88","2,274.85","","-0.07%"
"12/13/2019","2,276.44","2,272.80","2,282.83","2,270.70","","1.36%"
"12/12/2019","2,245.85","2,252.33","2,253.35","2,239.28","","-0.05%"
"12/11/2019","2,247.07","2,256.71","2,258.76","2,244.68","","-0.47%"
"12/10/2019","2,257.62","2,254.49","2,261.81","2,254.49","","-0.02%"
"12/09/2019","2,258.00","2,264.03","2,264.03","2,248.02","","0.40%"
"12/06/2019","2,249.07","2,248.68","2,250.56","2,242.75","","0.14%"
"12/05/2019","2,245.96","2,251.47","2,253.12","2,240.64","","0.22%"
"12/04/2019","2,240.93","2,239.15","2,241.07","2,229.55","","-0.39%"
"12/03/2019","2,249.63","2,230.66","2,249.99","2,227.79","","-0.11%"
"12/02/2019","2,252.05","2,240.09","2,257.27","2,240.09","","0.96%"
"11/29/2019","2,230.57","2,251.74","2,252.24","2,228.63","","-0.65%"
"11/28/2019","2,245.20","2,249.56","2,251.10","2,239.96","","-0.22%"
"11/27/2019","2,250.23","2,250.28","2,255.28","2,248.44","","0.27%"
"11/26/2019","2,244.11","2,251.40","2,259.36","2,242.90","","0.25%"
"11/25/2019","2,238.53","2,237.91","2,243.30","2,233.96","","0.64%"
"11/22/2019","2,224.23","2,217.41","2,231.89","2,215.16","","0.28%"
"11/21/2019","2,218.03","2,217.14","2,219.45","2,188.71","","-0.18%"
"11/20/2019","2,222.03","2,213.07","2,225.59","2,209.73","","0.08%"
"11/19/2019","2,220.27","2,225.11","2,225.12","2,213.89","","-0.17%"
"11/18/2019","2,224.12","2,212.16","2,224.12","2,210.69","","0.54%"
"11/15/2019","2,212.28","2,201.93","2,218.01","2,200.66","","0.59%"
"11/14/2019","2,199.41","2,219.21","2,221.38","2,194.07","","-0.99%"
"11/13/2019","2,221.40","2,229.87","2,234.45","2,219.21","","-0.40%"
"11/12/2019","2,230.32","2,222.54","2,232.13","2,218.38","","0.32%"
"11/11/2019","2,223.13","2,230.39","2,233.80","2,220.38","","0.01%"
"11/08/2019","2,223.01","2,238.49","2,238.79","2,217.67","","-0.07%"
"11/07/2019","2,224.62","2,219.01","2,226.44","2,216.36","","0.48%"
"11/06/2019","2,213.94","2,229.09","2,229.09","2,210.21","","-0.38%"
"11/05/2019","2,222.48","2,214.84","2,229.15","2,212.47","","1.34%"
"11/01/2019","2,193.13","2,170.20","2,193.13","2,169.73","","0.43%"
"10/31/2019","2,183.81","2,180.92","2,190.06","2,180.15","","0.27%"
"10/30/2019","2,177.84","2,177.30","2,181.01","2,171.60","","0.28%"
"10/29/2019","2,171.69","2,167.58","2,176.26","2,167.58","","0.74%"
"10/28/2019","2,155.77","2,157.65","2,159.09","2,154.06","","-0.03%"
"10/25/2019","2,156.41","2,146.57","2,156.82","2,146.57","","0.81%"
"10/24/2019","2,139.06","2,148.78","2,149.71","2,138.31","","0.00%"
"10/23/2019","2,139.04","2,132.55","2,139.15","2,114.30","","0.55%"
"10/21/2019","2,127.29","2,127.31","2,130.70","2,126.18","","0.21%"
"10/18/2019","2,122.93","2,130.37","2,139.40","2,119.69","","-0.08%"
"10/17/2019","2,124.54","2,126.04","2,131.56","2,123.89","","-0.35%"
"10/16/2019","2,132.07","2,134.50","2,147.66","2,126.46","","0.85%"
"10/15/2019","2,114.19","2,105.31","2,117.99","2,102.03","","1.65%"
"10/11/2019","2,079.87","2,078.87","2,082.89","2,071.56","","0.50%"
"10/10/2019","2,069.43","2,068.01","2,071.82","2,048.11","","-0.10%"
"10/09/2019","2,071.45","2,058.25","2,071.64","2,058.25","","-0.31%"
"10/08/2019","2,077.79","2,067.06","2,079.43","2,066.65","","1.03%"
"10/07/2019","2,056.54","2,060.25","2,061.79","2,051.97","","0.18%"
"10/04/2019","2,052.79","2,043.25","2,054.01","2,037.68","","0.27%"
"10/03/2019","2,047.18","2,048.80","2,053.34","2,040.66","","-1.66%"
"10/02/2019","2,081.79","2,084.41","2,086.59","2,078.59","","-0.71%"
"10/01/2019","2,096.69","2,092.24","2,102.75","2,090.60","","0.72%"
"09/30/2019","2,081.67","2,082.28","2,088.73","2,075.26","","-0.64%"
"09/27/2019","2,095.07","2,100.94","2,101.70","2,076.48","","-0.59%"
"09/26/2019","2,107.59","2,121.39","2,126.52","2,102.63","","0.08%"
"09/25/2019","2,105.92","2,104.17","2,107.95","2,097.09","","-0.42%"
"09/24/2019","2,114.82","2,109.63","2,123.47","2,109.63","","0.61%"
"09/20/2019","2,102.03","2,111.37","2,114.42","2,099.58","","-0.15%"
"09/19/2019","2,105.19","2,103.71","2,117.70","2,099.14","","0.65%"
"09/18/2019","2,091.65","2,100.71","2,100.71","2,086.47","","-0.20%"
"09/17/2019","2,095.84","2,085.26","2,099.76","2,080.04","","0.29%"
"09/13/2019","2,089.80","2,075.41","2,091.33","2,068.65","","1.03%"
"09/12/2019","2,068.59","2,068.06","2,075.67","2,062.73","","0.77%"
"09/11/2019","2,052.79","2,028.37","2,052.79","2,027.59","","1.02%"
"09/10/2019","2,032.12","2,038.71","2,038.71","2,028.29","","-0.28%"
"09/09/2019","2,037.76","2,020.46","2,037.76","2,018.37","","1.09%"
"09/06/2019","2,015.88","2,020.38","2,021.63","2,012.86","","0.24%"
"09/05/2019","2,011.06","1,983.57","2,017.46","1,983.57","","2.06%"
"09/04/2019","1,970.48","1,970.50","1,975.08","1,965.13","","-0.22%"
"09/03/2019","1,974.91","1,968.37","1,978.89","1,967.71","","0.11%"
"09/02/2019","1,972.74","1,981.63","1,981.63","1,970.98","","-0.53%"
"08/30/2019","1,983.29","1,973.53","1,984.24","1,971.85","","1.37%"
"08/29/2019","1,956.51","1,960.89","1,961.04","1,945.11","","0.00%"
"08/28/2019","1,956.50","1,956.01","1,959.16","1,953.21","","0.00%"
"08/27/2019","1,956.42","1,955.62","1,964.03","1,953.13","","1.03%"
"08/26/2019","1,936.51","1,934.45","1,939.30","1,925.47","","-1.70%"
"08/23/2019","1,970.09","1,966.26","1,970.90","1,963.51","","0.39%"
"08/22/2019","1,962.41","1,968.27","1,968.90","1,957.37","","0.10%"
"08/21/2019","1,960.53","1,949.44","1,960.89","1,947.78","","-0.35%"
"08/20/2019","1,967.45","1,950.67","1,967.45","1,949.45","","1.16%"
"08/19/2019","1,944.84","1,948.53","1,951.42","1,942.40","","0.54%"
"08/16/2019","1,934.43","1,927.27","1,940.73","1,927.06","","0.06%"
"08/15/2019","1,933.33","1,922.22","1,933.33","1,909.72","","-1.04%"
"08/14/2019","1,953.62","1,951.35","1,953.62","1,942.34","","1.02%"
"08/13/2019","1,933.90","1,942.34","1,942.34","1,927.18","","-0.94%"
"08/09/2019","1,952.18","1,958.74","1,962.60","1,951.56","","0.40%"
"08/08/2019","1,944.44","1,947.73","1,955.51","1,938.21","","-0.17%"
"08/07/2019","1,947.83","1,944.75","1,951.96","1,933.60","","0.11%"
"08/06/2019","1,945.63","1,916.28","1,947.19","1,897.61","","-0.42%"
"08/05/2019","1,953.90","1,975.58","1,975.65","1,933.42","","-1.93%"
"08/02/2019","1,992.33","2,000.98","2,006.91","1,981.69","","-1.82%"
"08/01/2019","2,029.32","2,011.62","2,029.32","2,006.39","","0.15%"
"07/31/2019","2,026.38","2,027.57","2,032.04","2,022.57","","-0.71%"
"07/30/2019","2,040.95","2,035.49","2,045.48","2,032.56","","0.59%"
"07/29/2019","2,028.90","2,030.43","2,033.30","2,021.36","","-0.32%"
"07/26/2019","2,035.37","2,037.10","2,039.03","2,025.44","","-0.41%"
"07/25/2019","2,043.82","2,038.24","2,046.77","2,038.24","","0.48%"
"07/24/2019","2,034.04","2,030.45","2,034.04","2,024.67","","0.55%"
"07/23/2019","2,022.84","2,003.78","2,028.18","2,003.78","","0.94%"
"07/22/2019","2,003.99","2,007.92","2,012.54","2,001.90","","-0.74%"
"07/19/2019","2,018.92","1,988.89","2,021.46","1,987.77","","1.92%"
"07/18/2019","1,980.88","2,008.49","2,008.49","1,976.61","","-1.89%"
"07/17/2019","2,018.98","2,010.47","2,020.92","2,007.29","","0.08%"
"07/16/2019","2,017.43","2,024.52","2,025.44","2,014.96","","-0.34%"
"07/12/2019","2,024.22","2,028.94","2,028.94","2,017.68","","-0.20%"
"07/11/2019","2,028.21","2,024.96","2,030.54","2,019.39","","0.39%"
"07/10/2019","2,020.40","2,013.11","2,024.61","2,013.01","","-0.30%"
"07/09/2019","2,026.43","2,036.19","2,042.81","2,021.98","","-0.27%"
"07/08/2019","2,031.97","2,044.26","2,044.62","2,028.79","","-1.05%"
"07/05/2019","2,053.45","2,047.82","2,053.45","2,043.73","","0.29%"
"07/04/2019","2,047.49","2,046.99","2,048.51","2,043.49","","0.49%"
"07/03/2019","2,037.52","2,046.02","2,046.02","2,030.63","","-0.68%"
"07/02/2019","2,051.46","2,046.47","2,052.07","2,044.19","","0.26%"
"07/01/2019","2,046.05","2,028.25","2,046.46","2,024.85","","2.34%"
"06/28/2019","1,999.31","1,995.97","1,999.91","1,989.91","","0.08%"
"06/27/2019","1,997.68","1,977.75","1,997.68","1,977.59","","1.27%"
"06/26/2019","1,972.56","1,975.18","1,981.16","1,969.65","","-0.56%"
"06/25/2019","1,983.71","1,988.52","1,998.43","1,978.67","","-0.19%"
"06/24/2019","1,987.51","1,982.98","1,989.53","1,977.75","","0.08%"
"06/21/2019","1,985.84","2,007.92","2,007.92","1,983.05","","-1.09%"
"06/20/2019","2,007.77","2,004.44","2,008.87","1,999.81","","0.53%"
"06/19/2019","1,997.23","1,981.85","1,998.53","1,980.63","","1.93%"
"06/18/2019","1,959.49","1,971.26","1,982.50","1,956.41","","-0.62%"
"06/17/2019","1,971.79","1,976.92","1,981.40","1,970.32","","-0.69%"
"06/14/2019","1,985.52","1,974.87","1,985.76","1,967.66","","0.54%"
"06/13/2019","1,974.85","1,983.56","1,985.57","1,964.98","","-0.86%"
"06/12/2019","1,991.97","1,993.80","2,004.39","1,991.97","","-0.28%"
"06/11/2019","1,997.50","1,988.16","1,998.64","1,983.41","","0.43%"
"06/10/2019","1,988.96","1,976.25","1,992.21","1,975.17","","1.72%"
"06/07/2019","1,955.29","1,954.20","1,956.89","1,948.60","","0.47%"
"06/06/2019","1,946.19","1,949.02","1,957.55","1,945.70","","-0.22%"
"06/05/2019","1,950.50","1,933.46","1,951.13","1,933.09","","2.33%"
"06/04/2019","1,906.16","1,917.34","1,917.34","1,895.44","","-0.32%"
"06/03/2019","1,912.25","1,909.95","1,916.51","1,904.29","","-1.23%"
"05/31/2019","1,936.08","1,943.91","1,949.95","1,935.22","","-0.97%"
"05/30/2019","1,955.02","1,951.46","1,955.59","1,939.67","","-0.50%"
"05/29/2019","1,964.88","1,968.33","1,970.31","1,951.33","","-1.05%"
"05/28/2019","1,985.81","1,979.03","1,990.63","1,979.03","","0.31%"
"05/27/2019","1,979.60","1,976.99","1,982.94","1,973.09","","0.19%"
"05/24/2019","1,975.89","1,959.42","1,975.89","1,959.42","","-0.05%"
"05/23/2019","1,976.88","1,974.18","1,981.46","1,969.15","","-0.08%"
"05/22/2019","1,978.47","1,994.70","1,999.57","1,977.94","","-0.30%"
"05/21/2019","1,984.44","1,978.96","1,988.80","1,972.74","","-0.39%"
"05/20/2019","1,992.15","1,998.57","2,008.29","1,989.38","","-0.32%"
"05/17/2019","1,998.52","1,988.69","2,006.76","1,987.29","","1.20%"
"05/16/2019","1,974.86","1,984.30","1,984.30","1,963.63","","-0.30%"
"05/15/2019","1,980.87","1,971.44","1,980.87","1,962.96","","0.78%"
"05/14/2019","1,965.48","1,948.63","1,968.26","1,934.32","","-0.68%"
"05/13/2019","1,978.91","1,982.86","1,991.20","1,976.12","","-0.79%"
"05/10/2019","1,994.66","1,996.65","2,018.16","1,982.47","","0.00%"
"05/09/2019","1,994.57","2,008.04","2,011.70","1,991.61","","-1.14%"
"05/08/2019","2,017.67","2,024.20","2,026.43","2,012.01","","-1.73%"
"05/07/2019","2,053.09","2,079.75","2,079.75","2,047.70","","-1.48%"
"04/26/2019","2,084.02","2,072.87","2,085.70","2,062.89","","-0.22%"
"04/25/2019","2,088.55","2,083.52","2,091.99","2,081.00","","0.23%"
"04/24/2019","2,083.81","2,095.32","2,101.95","2,080.66","","-0.13%"
"04/23/2019","2,086.57","2,085.59","2,090.05","2,074.47","","0.05%"
"04/22/2019","2,085.53","2,079.30","2,088.83","2,073.58","","0.09%"
"04/19/2019","2,083.68","2,080.62","2,090.58","2,080.58","","0.66%"
"04/18/2019","2,070.02","2,093.55","2,093.55","2,066.93","","-1.00%"
"04/17/2019","2,090.96","2,088.66","2,094.90","2,082.19","","0.16%"
"04/16/2019","2,087.64","2,084.46","2,094.98","2,083.08","","-0.09%"
"04/15/2019","2,089.57","2,084.91","2,094.28","2,082.34","","1.56%"
"04/12/2019","2,057.48","2,057.70","2,058.02","2,044.69","","0.14%"
"04/11/2019","2,054.61","2,050.30","2,057.88","2,048.09","","0.16%"
"04/10/2019","2,051.28","2,040.49","2,052.10","2,039.63","","-0.49%"
"04/09/2019","2,061.36","2,059.21","2,061.93","2,051.02","","-0.10%"
"04/08/2019","2,063.46","2,068.76","2,069.17","2,058.62","","-0.06%"
"04/05/2019","2,064.69","2,064.30","2,071.67","2,060.36","","0.15%"
"04/04/2019","2,061.55","2,057.95","2,069.03","2,052.91","","0.18%"