Date,Price,Open,High,Low,Vol.,Change +ACU-
03/04/2025,8471.34,8490.78,8533.41,8452.93,1.40B,+AC0-1.59+ACU-
02/04/2025,8608.48,8634.8,8634.8,8548.32,600.63M,+AC0-0.30+ACU-
01/04/2025,8634.8,8582.81,8671.91,8581.91,682.39M,0.61+ACU-
31/03/2025,8582.81,8658.85,8658.88,8530.98,923.24M,+AC0-0.88+ACU-
28/03/2025,8658.85,8666.12,8694.19,8636.92,746.96M,+AC0-0.08+ACU-
27/03/2025,8666.12,8689.59,8689.7,8611.42,702.85M,+AC0-0.27+ACU-
26/03/2025,8689.59,8663.8,8714.81,8656.39,703.01M,0.30+ACU-
25/03/2025,8663.8,8638.01,8717.03,8638.01,1.02B,0.30+ACU-
24/03/2025,8638.01,8646.79,8695.6,8616.42,616.03M,+AC0-0.10+ACU-
21/03/2025,8646.79,8701.99,8701.99,8615.96,1.91B,+AC0-0.63+ACU-
20/03/2025,8701.99,8706.66,8742.75,8665.26,886.65M,+AC0-0.05+ACU-
19/03/2025,8706.66,8705.23,8718.74,8662.56,823.55M,0.02+ACU-
18/03/2025,8705.23,8680.29,8726.95,8680.29,1.11B,0.29+ACU-
17/03/2025,8680.29,8632.33,8688.41,8625.04,842.70M,0.56+ACU-
14/03/2025,8632.33,8542.56,8642.79,8538.07,750.19M,1.05+ACU-
13/03/2025,8542.56,8540.97,8581.57,8513.65,767.96M,0.02+ACU-
12/03/2025,8540.97,8495.99,8565.45,8495.99,974.80M,0.53+ACU-
11/03/2025,8495.99,8600.22,8603.93,8481.11,1.04B,+AC0-1.21+ACU-
10/03/2025,8600.22,8679.88,8700.79,8591.58,1.52B,+AC0-0.92+ACU-
07/03/2025,8679.88,8682.84,8701.31,8627.3,900.63M,+AC0-0.03+ACU-
06/03/2025,8682.84,8755.84,8778.19,8645.84,1.03B,+AC0-0.83+ACU-
05/03/2025,8755.84,8759,8835.72,8752.46,1.24B,+AC0-0.04+ACU-
04/03/2025,8759,8871.31,8873.67,8746.01,1.07B,+AC0-1.27+ACU-
03/03/2025,8871.31,8809.74,8908.82,8809.74,1.23B,0.70+ACU-
28/02/2025,8809.74,8756.21,8810.5,8715.43,2.22B,0.61+ACU-
27/02/2025,8756.21,8731.46,8768.05,8680.55,1.17B,0.28+ACU-
26/02/2025,8731.46,8668.67,8738.28,8668.67,981.87M,0.72+ACU-
25/02/2025,8668.67,8658.98,8712.17,8628.11,878.15M,0.11+ACU-
24/02/2025,8658.98,8659.37,8688.26,8614.08,792.02M,0.00+ACU-
21/02/2025,8659.37,8662.97,8684.78,8638.63,986.56M,+AC0-0.04+ACU-
20/02/2025,8662.97,8712.53,8712.66,8650.8,1.28B,+AC0-0.57+ACU-
19/02/2025,8712.53,8766.73,8771.22,8696.94,763.33M,+AC0-0.62+ACU-
18/02/2025,8766.73,8768.01,8787.66,8757.82,659.92M,+AC0-0.01+ACU-
17/02/2025,8768.01,8732.46,8769.07,8725.27,628.96M,0.41+ACU-
14/02/2025,8732.46,8764.72,8767.73,8717.54,893.55M,+AC0-0.37+ACU-
13/02/2025,8764.72,8807.44,8820.93,8729.57,846.52M,+AC0-0.49+ACU-
12/02/2025,8807.44,8777.39,8810.62,8759.38,841.92M,0.34+ACU-
11/02/2025,8777.39,8767.8,8789.58,8750.53,875.63M,0.11+ACU-
10/02/2025,8767.8,8700.53,8785.85,8694.55,832.11M,0.77+ACU-
07/02/2025,8700.53,8727.28,8728.94,8685.78,992.47M,+AC0-0.31+ACU-
06/02/2025,8727.28,8623.29,8767.5,8623.29,871.96M,1.21+ACU-
05/02/2025,8623.29,8570.77,8623.29,8550.24,787.61M,0.61+ACU-
04/02/2025,8570.77,8583.56,8583.59,8524.66,1.13B,+AC0-0.15+ACU-
03/02/2025,8583.56,8673.96,8673.96,8520.2,774.95M,+AC0-1.04+ACU-
31/01/2025,8673.96,8646.88,8692.84,8646.88,1.13B,0.31+ACU-
30/01/2025,8646.88,8557.81,8655.19,8547.86,641.23M,1.04+ACU-
29/01/2025,8557.81,8533.87,8584.07,8518.27,769.55M,0.28+ACU-
28/01/2025,8533.87,8503.71,8572.96,8503.62,703.54M,0.35+ACU-
27/01/2025,8503.71,8502.35,8514.17,8462.18,684.09M,0.02+ACU-
24/01/2025,8502.35,8565.2,8586.68,8492.73,699.39M,+AC0-0.73+ACU-
23/01/2025,8565.2,8545.13,8572.51,8532.07,1.03B,0.23+ACU-
22/01/2025,8545.13,8548.29,8584.73,8527.79,992.84M,+AC0-0.04+ACU-
21/01/2025,8548.29,8520.54,8550.41,8513.42,761.21M,0.33+ACU-
20/01/2025,8520.54,8505.22,8548.59,8501.82,718.32M,0.18+ACU-
17/01/2025,8505.22,8391.9,8533.43,8391.83,1.07B,1.35+ACU-
16/01/2025,8391.9,8301.13,8391.9,8301.13,748.67M,1.09+ACU-
15/01/2025,8301.13,8201.54,8307.56,8199.57,1.02B,1.21+ACU-
14/01/2025,8201.54,8224.19,8244.31,8193.54,946.04M,+AC0-0.28+ACU-
13/01/2025,8224.19,8248.49,8254,8192.31,895.89M,+AC0-0.29+ACU-
10/01/2025,8248.49,8319.69,8326.32,8247.61,912.29M,+AC0-0.86+ACU-
09/01/2025,8319.69,8251.03,8322.59,8243.15,822.70M,0.83+ACU-
08/01/2025,8251.03,8245.28,8267.38,8189.5,899.62M,0.07+ACU-
07/01/2025,8245.28,8249.66,8251.79,8190.5,741.25M,+AC0-0.05+ACU-
06/01/2025,8249.66,8223.98,8249.66,8197.5,765.87M,0.31+ACU-
03/01/2025,8223.98,8260.09,8268.97,8219.73,697.09M,+AC0-0.44+ACU-
02/01/2025,8260.09,8173.02,8270.6,8160.6,422.20M,1.07+ACU-
31/12/2024,8173.02,8121.01,8180.38,8096.65,203.36M,0.64+ACU-
30/12/2024,8121.01,8149.78,8149.78,8094.88,325.04M,+AC0-0.35+ACU-
27/12/2024,8149.78,8136.99,8151.28,8112.29,327.26M,0.16+ACU-
24/12/2024,8136.99,8102.72,8152.01,8102.72,243.25M,0.42+ACU-
23/12/2024,8102.72,8084.61,8111.41,8051.92,573.77M,0.22+ACU-
20/12/2024,8084.61,8105.32,8105.83,8002.34,1.58B,+AC0-0.26+ACU-
19/12/2024,8105.32,8199.11,8199.11,8078.98,797.75M,+AC0-1.14+ACU-
18/12/2024,8199.11,8195.2,8231.84,8191.61,833.58M,0.05+ACU-
17/12/2024,8195.2,8262.05,8262.05,8190.17,1.13B,+AC0-0.81+ACU-
16/12/2024,8262.05,8300.33,8305.21,8254.06,617.61M,+AC0-0.46+ACU-
13/12/2024,8300.33,8311.76,8331.85,8282.4,650.04M,+AC0-0.14+ACU-
12/12/2024,8311.76,8301.62,8331.05,8300.18,580.49M,0.12+ACU-
11/12/2024,8301.62,8280.36,8318.88,8248.42,1.27B,0.26+ACU-
10/12/2024,8280.36,8352.08,8352.13,8274.5,605.60M,+AC0-0.86+ACU-
09/12/2024,8352.08,8308.61,8372.05,8308.61,726.16M,0.52+ACU-
06/12/2024,8308.61,8349.38,8357.58,8303.48,885.40M,+AC0-0.49+ACU-
05/12/2024,8349.38,8335.81,8350.67,8321.64,850.09M,0.16+ACU-
04/12/2024,8335.81,8359.41,8362.75,8322.84,748.11M,+AC0-0.28+ACU-
03/12/2024,8359.41,8312.89,8388.37,8311.85,813.15M,0.56+ACU-
02/12/2024,8312.89,8287.3,8332,8274.66,821.54M,0.31+ACU-
29/11/2024,8287.3,8281.22,8292.45,8252.89,588.24M,0.07+ACU-
28/11/2024,8281.22,8274.75,8303.77,8271.85,515.67M,0.08+ACU-
27/11/2024,8274.75,8258.61,8280.02,8237.7,635.23M,0.20+ACU-
26/11/2024,8258.61,8291.68,8291.68,8245.76,770.92M,+AC0-0.40+ACU-
25/11/2024,8291.68,8262.08,8307.27,8261.78,1.94B,0.36+ACU-
22/11/2024,8262.08,8149.27,8274.84,8149.27,789.58M,1.38+ACU-
21/11/2024,8149.27,8085.07,8152.86,8065.22,830.00M,0.79+ACU-
20/11/2024,8085.07,8099.02,8128.44,8074.22,740.12M,+AC0-0.17+ACU-
19/11/2024,8099.02,8109.32,8145.86,8052.02,702.38M,+AC0-0.13+ACU-
18/11/2024,8109.32,8063.61,8109.32,8054.07,789.29M,0.57+ACU-
15/11/2024,8063.61,8071.19,8091.89,8030.01,738.23M,+AC0-0.09+ACU-
14/11/2024,8071.19,8030.33,8083.12,8012.83,661.21M,0.51+ACU-
13/11/2024,8030.33,8025.77,8062.73,7995.87,988.58M,0.06+ACU-
12/11/2024,8025.77,8125.19,8125.19,8018.55,954.31M,+AC0-1.22+ACU-
11/11/2024,8125.19,8072.39,8148.18,8072.39,640.39M,0.65+ACU-
08/11/2024,8072.39,8140.74,8156.45,8060.94,833.52M,+AC0-0.84+ACU-
07/11/2024,8140.74,8166.68,8195.3,8140.74,959.17M,+AC0-0.32+ACU-
06/11/2024,8166.68,8172.39,8301.78,8144.25,1.01B,+AC0-0.07+ACU-
05/11/2024,8172.39,8184.24,8215.84,8148.34,840.88M,+AC0-0.14+ACU-
04/11/2024,8184.24,8177.15,8239.88,8175.76,915.58M,0.09+ACU-
01/11/2024,8177.15,8110.1,8202.55,8105.3,864.61M,0.83+ACU-
31/10/2024,8110.1,8159.63,8159.63,8071.72,1.02B,+AC0-0.61+ACU-
30/10/2024,8159.63,8219.61,8219.61,8153.75,1.05B,+AC0-0.73+ACU-
29/10/2024,8219.61,8285.62,8325.54,8215.3,1.07B,+AC0-0.80+ACU-
28/10/2024,8285.62,8248.84,8293.62,8208.91,1.03B,0.45+ACU-
25/10/2024,8248.84,8269.38,8278.11,8246.23,963.71M,+AC0-0.25+ACU-
24/10/2024,8269.38,8258.64,8337.68,8256.77,1.01B,0.13+ACU-
23/10/2024,8258.64,8306.54,8323.24,8252.38,738.40M,+AC0-0.58+ACU-
22/10/2024,8306.54,8318.24,8318.24,8252.4,626.98M,+AC0-0.14+ACU-
21/10/2024,8318.24,8358.25,8391.81,8318.24,632.70M,+AC0-0.48+ACU-
18/10/2024,8358.25,8385.13,8385.13,8315.85,789.47M,+AC0-0.32+ACU-
17/10/2024,8385.13,8329.07,8395.58,8322.12,828.20M,0.67+ACU-
16/10/2024,8329.07,8249.28,8346.55,8249.28,944.68M,0.97+ACU-
15/10/2024,8249.28,8292.66,8306.15,8241.96,835.72M,+AC0-0.52+ACU-
14/10/2024,8292.66,8253.65,8292.66,8237.7,647.08M,0.47+ACU-
11/10/2024,8253.65,8237.73,8265.71,8211.92,519.07M,0.19+ACU-
10/10/2024,8237.73,8243.74,8272.46,8218.36,674.67M,+AC0-0.07+ACU-
09/10/2024,8243.74,8190.61,8244.36,8188.71,500.12M,0.65+ACU-
08/10/2024,8190.61,8303.62,8303.62,8184.03,754.57M,+AC0-1.36+ACU-
07/10/2024,8303.62,8280.63,8323.41,8260.11,644.90M,0.28+ACU-
04/10/2024,8280.63,8282.52,8300.66,8234.17,721.48M,+AC0-0.02+ACU-
03/10/2024,8282.52,8290.86,8332.68,8261.96,918.35M,+AC0-0.10+ACU-
02/10/2024,8290.86,8276.65,8322.59,8267.6,804.30M,0.17+ACU-
01/10/2024,8276.65,8236.95,8291.1,8226.18,923.65M,0.48+ACU-
30/09/2024,8236.95,8320.76,8324.61,8233.99,828.80M,+AC0-1.01+ACU-
27/09/2024,8320.76,8284.91,8334.55,8283.52,795.73M,0.43+ACU-
26/09/2024,8284.91,8268.7,8332.87,8262.03,834.98M,0.20+ACU-
25/09/2024,8268.7,8282.76,8319.41,8242.99,712.92M,+AC0-0.17+ACU-
24/09/2024,8282.76,8259.71,8309.75,8259.51,1.01B,0.28+ACU-
23/09/2024,8259.71,8229.99,8262.53,8210.07,630.16M,0.36+ACU-
20/09/2024,8229.99,8328.72,8328.72,8223.76,1.56B,+AC0-1.19+ACU-
19/09/2024,8328.72,8253.68,8370.47,8253.68,836.44M,0.91+ACU-
18/09/2024,8253.68,8309.86,8309.95,8245.7,784.84M,+AC0-0.68+ACU-
17/09/2024,8309.86,8278.44,8351.72,8278.44,745.50M,0.38+ACU-
16/09/2024,8278.44,8273.09,8290,8247.92,451.46M,0.06+ACU-
13/09/2024,8273.09,8240.97,8287.9,8230.75,534.85M,0.39+ACU-
12/09/2024,8240.97,8193.94,8301.36,8193.94,1.01B,0.57+ACU-
11/09/2024,8193.94,8205.98,8232.76,8169.96,864.25M,+AC0-0.15+ACU-
10/09/2024,8205.98,8270.84,8271.12,8195.13,814.87M,+AC0-0.78+ACU-
09/09/2024,8270.84,8181.47,8274.68,8181.47,626.21M,1.09+ACU-
06/09/2024,8181.47,8241.71,8260.68,8168.42,703.52M,+AC0-0.73+ACU-
05/09/2024,8241.71,8269.6,8285.55,8241.71,736.36M,+AC0-0.34+ACU-
04/09/2024,8269.6,8298.46,8298.46,8219.26,724.92M,+AC0-0.35+ACU-
03/09/2024,8298.46,8363.84,8380.98,8286.6,1.02B,+AC0-0.78+ACU-
02/09/2024,8363.84,8376.63,8380.08,8353.18,510.80M,+AC0-0.15+ACU-
30/08/2024,8376.63,8379.64,8414.37,8363.74,1.08B,+AC0-0.04+ACU-
29/08/2024,8379.64,8343.85,8392.4,8336.58,590.01M,0.43+ACU-
28/08/2024,8343.85,8345.46,8362.74,8322.28,608.50M,+AC0-0.02+ACU-
27/08/2024,8345.46,8327.78,8400.43,8327.78,772.31M,0.21+ACU-
23/08/2024,8327.78,8288,8331.9,8288,614.51M,0.48+ACU-
22/08/2024,8288,8283.43,8318.55,8276.99,796.91M,0.06+ACU-
21/08/2024,8283.43,8273.32,8295.94,8263.01,824.97M,0.12+ACU-
20/08/2024,8273.32,8356.94,8356.94,8270.69,490.22M,+AC0-1.00+ACU-
19/08/2024,8356.94,8311.41,8374.02,8286.5,637.83M,0.55+ACU-
16/08/2024,8311.41,8347.35,8350.35,8292.01,515.44M,+AC0-0.43+ACU-
15/08/2024,8347.35,8281.05,8366.98,8277.08,842.33M,0.80+ACU-
14/08/2024,8281.05,8235.23,8288.72,8230.68,592.00M,0.56+ACU-
13/08/2024,8235.23,8210.25,8244.41,8187.98,532.21M,0.30+ACU-
12/08/2024,8210.25,8168.1,8223.48,8168.1,1.65B,0.52+ACU-
09/08/2024,8168.1,8144.97,8203.46,8144.43,873.75M,0.28+ACU-
08/08/2024,8144.97,8166.88,8166.88,8064.34,754.06M,+AC0-0.27+ACU-
07/08/2024,8166.88,8026.69,8176.99,8026.69,786.25M,1.75+ACU-
06/08/2024,8026.69,8008.23,8058.31,7949.85,1.28B,0.23+ACU-
05/08/2024,8008.23,8174.71,8174.71,7915.94,1.57B,+AC0-2.04+ACU-
02/08/2024,8174.71,8283.36,8283.36,8158.03,1.23B,+AC0-1.31+ACU-
01/08/2024,8283.36,8367.98,8405.24,8268.14,884.95M,+AC0-1.01+ACU-
31/07/2024,8367.98,8274.41,8399.88,8274.41,838.71M,1.13+ACU-
30/07/2024,8274.41,8292.35,8297.92,8235.55,683.08M,+AC0-0.22+ACU-
29/07/2024,8292.35,8285.71,8368.38,8285.71,779.76M,0.08+ACU-
26/07/2024,8285.71,8186.35,8290.33,8181.23,658.57M,1.21+ACU-
25/07/2024,8186.35,8153.69,8187.51,8056.01,975.43M,0.40+ACU-
24/07/2024,8153.69,8167.37,8170.68,8112.03,596.37M,+AC0-0.17+ACU-
23/07/2024,8167.37,8198.78,8228.1,8151.46,871.90M,+AC0-0.38+ACU-
22/07/2024,8198.78,8155.72,8240.4,8155.72,772.11M,0.53+ACU-
19/07/2024,8155.72,8150.09,8184.26,8135.08,664.05M,+AC0-0.60+ACU-
18/07/2024,8204.89,8187.46,8267.78,8187.46,541.48M,0.21+ACU-
17/07/2024,8187.46,8164.9,8204.29,8132.02,746.44M,0.28+ACU-
16/07/2024,8164.9,8182.96,8182.96,8126.07,565.23M,+AC0-0.22+ACU-
15/07/2024,8182.96,8252.91,8252.91,8174.62,547.59M,+AC0-0.85+ACU-
12/07/2024,8252.91,8223.34,8276.31,8223.34,515.47M,0.36+ACU-
11/07/2024,8223.34,8193.51,8231.78,8190.81,581.05M,0.36+ACU-
10/07/2024,8193.51,8139.81,8194.85,8138.18,677.92M,0.66+ACU-
09/07/2024,8139.81,8193.49,8217.1,8132.49,1.04B,+AC0-0.66+ACU-
08/07/2024,8193.49,8203.93,8232.81,8175.26,703.74M,+AC0-0.13+ACU-
05/07/2024,8203.93,8241.26,8279.75,8182.7,999.39M,+AC0-0.45+ACU-
04/07/2024,8241.26,8171.12,8257.95,8170.97,558.64M,0.86+ACU-
03/07/2024,8171.12,8121.2,8177.98,8121.2,807.24M,0.61+ACU-
02/07/2024,8121.2,8166.76,8166.76,8106.79,756.85M,+AC0-0.56+ACU-
01/07/2024,8166.76,8164.12,8225.08,8164.12,662.72M,0.03+ACU-
28/06/2024,8164.12,8179.68,8237.36,8162.68,789.22M,+AC0-0.19+ACU-
27/06/2024,8179.68,8225.33,8232.87,8179.68,753.67M,+AC0-0.55+ACU-
26/06/2024,8225.33,8247.79,8302.04,8205.04,1.09B,+AC0-0.27+ACU-
25/06/2024,8247.79,8281.55,8294.24,8245.66,858.84M,+AC0-0.41+ACU-
24/06/2024,8281.55,8237.72,8307.93,8217.39,874.04M,0.53+ACU-
21/06/2024,8237.72,8272.46,8282.66,8188.12,1.82B,+AC0-0.42+ACU-
20/06/2024,8272.46,8205.11,8272.46,8203.62,909.74M,0.82+ACU-
19/06/2024,8205.11,8191.29,8212.65,8164.48,695.73M,0.17+ACU-
18/06/2024,8191.29,8142.15,8199.95,8142.15,707.06M,0.60+ACU-
17/06/2024,8142.15,8146.86,8187.25,8120.89,823.28M,+AC0-0.06+ACU-
14/06/2024,8146.86,8163.67,8178.21,8112.93,804.34M,+AC0-0.21+ACU-
13/06/2024,8163.67,8215.48,8215.48,8147.44,834.34M,+AC0-0.63+ACU-
12/06/2024,8215.48,8147.81,8243.22,8147.81,1.29B,0.83+ACU-
11/06/2024,8147.81,8228.48,8261.74,8114.84,1.11B,+AC0-0.98+ACU-
10/06/2024,8228.48,8245.37,8245.37,8183.47,638.07M,+AC0-0.20+ACU-
07/06/2024,8245.37,8285.34,8297.01,8210.23,758.57M,+AC0-0.48+ACU-
06/06/2024,8285.34,8246.95,8287.07,8246.95,846.43M,0.47+ACU-
05/06/2024,8246.95,8232.04,8276.55,8232.04,869.15M,0.18+ACU-
04/06/2024,8232.04,8262.75,8263.38,8200.26,1.10B,+AC0-0.37+ACU-
03/06/2024,8262.75,8275.38,8371.72,8258.86,1.00B,+AC0-0.15+ACU-
31/05/2024,8275.38,8231.05,8289.22,8231.05,2.23B,0.54+ACU-
30/05/2024,8231.05,8183.07,8236.25,8148.49,985.04M,0.59+ACU-
29/05/2024,8183.07,8254.18,8255.39,8180.03,1.01B,+AC0-0.86+ACU-
28/05/2024,8254.18,8317.59,8335.46,8241.33,1.20B,+AC0-0.76+ACU-
24/05/2024,8317.59,8339.23,8339.23,8263.77,776.93M,+AC0-0.26+ACU-
23/05/2024,8339.23,8370.33,8385.23,8332.27,1.20B,+AC0-0.37+ACU-
22/05/2024,8370.33,8416.45,8416.45,8343.36,1.13B,+AC0-0.55+ACU-
21/05/2024,8416.45,8424.2,8424.2,8379.12,999.13M,+AC0-0.09+ACU-
20/05/2024,8424.2,8420.26,8451.64,8417.95,739.02M,0.05+ACU-
17/05/2024,8420.26,8438.65,8441.68,8401.4,1.01B,+AC0-0.22+ACU-
16/05/2024,8438.65,8445.8,8455.66,8406.69,889.77M,+AC0-0.08+ACU-
15/05/2024,8445.8,8428.13,8474.41,8427.92,924.33M,0.21+ACU-
14/05/2024,8428.13,8414.99,8448.67,8406.96,1.16B,0.16+ACU-
13/05/2024,8414.99,8433.76,8446.46,8409.15,974.77M,+AC0-0.22+ACU-
10/05/2024,8433.76,8381.35,8455.77,8381.35,697.31M,0.63+ACU-
09/05/2024,8381.35,8354.05,8396.25,8349.83,1.04B,0.33+ACU-
08/05/2024,8354.05,8313.67,8365.28,8313.67,1.21B,0.49+ACU-
07/05/2024,8313.67,8213.49,8335.68,8213.49,1.21B,1.22+ACU-
03/05/2024,8213.49,8172.15,8248.73,8172.15,593.36M,0.51+ACU-
02/05/2024,8172.15,8121.24,8178.76,8119.85,849.98M,0.63+ACU-
01/05/2024,8121.24,8144.13,8178.95,8111.38,562.09M,+AC0-0.28+ACU-
30/04/2024,8144.13,8147.03,8199.95,8138.14,857.15M,+AC0-0.04+ACU-
29/04/2024,8147.03,8139.83,8189.14,8136.71,755.83M,0.09+ACU-
26/04/2024,8139.83,8078.86,8146.79,8078.86,801.60M,0.75+ACU-
25/04/2024,8078.86,8040.38,8105.59,8030.05,1.12B,0.48+ACU-
24/04/2024,8040.38,8044.81,8092.2,8031.79,1.24B,+AC0-0.06+ACU-
23/04/2024,8044.81,8023.87,8076.52,8021.67,933.44M,0.26+ACU-
22/04/2024,8023.87,7895.85,8042.81,7895.85,990.46M,1.62+ACU-
19/04/2024,7895.85,7877.05,7900.51,7809.68,898.82M,0.24+ACU-
18/04/2024,7877.05,7847.99,7898.77,7845.89,1.15B,0.37+ACU-
17/04/2024,7847.99,7820.36,7893.62,7798.57,860.49M,0.35+ACU-
16/04/2024,7820.36,7965.53,7965.53,7793.91,973.75M,+AC0-1.82+ACU-
15/04/2024,7965.53,7995.58,8009.52,7952.14,710.69M,+AC0-0.38+ACU-
12/04/2024,7995.58,7923.8,8044.98,7923.8,838.70M,0.91+ACU-
11/04/2024,7923.8,7961.21,7970.09,7886.89,1.06B,+AC0-0.47+ACU-
10/04/2024,7961.21,7934.79,7999.84,7916.53,1.12B,0.33+ACU-
09/04/2024,7934.79,7943.47,7962.78,7917.47,919.54M,+AC0-0.11+ACU-
08/04/2024,7943.47,7911.16,7953.16,7887.92,781.29M,0.41+ACU-
05/04/2024,7911.16,7975.89,7975.89,7884.45,874.08M,+AC0-0.81+ACU-
04/04/2024,7975.89,7937.44,7990.41,7937.37,1.07B,0.48+ACU-
03/04/2024,7937.44,7935.09,7937.44,7882.68,1.04B,0.03+ACU-
02/04/2024,7935.09,7952.62,8015.63,7928.59,984.93M,+AC0-0.22+ACU-
28/03/2024,7952.62,7931.98,7975.38,7931.36,906.58M,0.26+ACU-
27/03/2024,7931.98,7930.96,7938.14,7893,891.54M,0.01+ACU-
26/03/2024,7930.96,7917.57,7934.37,7892.08,1.18B,0.17+ACU-
25/03/2024,7917.57,7930.92,7939.38,7891.72,977.20M,+AC0-0.17+ACU-
22/03/2024,7930.92,7882.55,7961.43,7882.19,978.39M,0.61+ACU-
21/03/2024,7882.55,7737.38,7901.8,7737.38,1.28B,1.88+ACU-
20/03/2024,7737.38,7738.3,7749.39,7711.46,969.75M,+AC0-0.01+ACU-
19/03/2024,7738.3,7722.55,7739.67,7699.57,1.01B,0.20+ACU-
18/03/2024,7722.55,7727.42,7750.17,7714.9,944.57M,+AC0-0.06+ACU-
15/03/2024,7727.42,7743.15,7761.06,7727.42,2.58B,+AC0-0.20+ACU-
14/03/2024,7743.15,7772.17,7778.39,7719.11,872.90M,+AC0-0.37+ACU-
13/03/2024,7772.17,7747.81,7785.73,7738.73,1.14B,0.31+ACU-
12/03/2024,7747.81,7669.23,7764.58,7669.23,1.07B,1.02+ACU-
11/03/2024,7669.23,7659.74,7669.23,7612.62,1.04B,0.12+ACU-
08/03/2024,7659.74,7692.46,7693.89,7646.2,845.83M,+AC0-0.43+ACU-
07/03/2024,7692.46,7679.31,7711.78,7645.06,1.35B,0.17+ACU-
06/03/2024,7679.31,7646.16,7701.25,7639.03,1.29B,0.43+ACU-
05/03/2024,7646.16,7640.33,7654.81,7598.47,843.70M,0.08+ACU-
04/03/2024,7640.33,7682.5,7682.64,7623.22,979.61M,+AC0-0.55+ACU-
01/03/2024,7682.5,7630.02,7695.61,7630.02,1.22B,0.69+ACU-
29/02/2024,7630.02,7624.98,7677.69,7622.87,1.87B,0.07+ACU-
28/02/2024,7624.98,7683.02,7693.18,7620.37,1.15B,+AC0-0.76+ACU-
27/02/2024,7683.02,7684.3,7698.29,7669.71,1.06B,+AC0-0.02+ACU-
26/02/2024,7684.3,7706.28,7710.78,7676.75,1.15B,+AC0-0.29+ACU-
23/02/2024,7706.28,7684.49,7713.39,7675.19,992.96M,0.28+ACU-
22/02/2024,7684.49,7662.51,7702.86,7651.65,1.32B,0.29+ACU-
21/02/2024,7662.51,7719.21,7719.21,7642.75,1.19B,+AC0-0.73+ACU-
20/02/2024,7719.21,7728.5,7748.73,7705.98,819.03M,+AC0-0.12+ACU-
19/02/2024,7728.5,7711.71,7733.54,7692.48,575.04M,0.22+ACU-
16/02/2024,7711.71,7597.53,7720.72,7597.53,996.23M,1.50+ACU-
15/02/2024,7597.53,7568.4,7612.34,7562.1,651.78M,0.38+ACU-
14/02/2024,7568.4,7512.28,7590.13,7512.28,1.14B,0.75+ACU-
13/02/2024,7512.28,7573.69,7585.31,7492.98,1.10B,+AC0-0.81+ACU-
12/02/2024,7573.69,7572.58,7590.45,7555.47,767.12M,0.01+ACU-
09/02/2024,7572.58,7595.48,7608.74,7557.35,1.03B,+AC0-0.30+ACU-
08/02/2024,7595.48,7628.75,7653.4,7593.57,650.74M,+AC0-0.44+ACU-
07/02/2024,7628.75,7681.01,7694.9,7626.23,920.83M,+AC0-0.68+ACU-
06/02/2024,7681.01,7612.86,7693.6,7612.86,1.44B,0.90+ACU-
05/02/2024,7612.86,7615.54,7667.82,7598.66,1.29B,+AC0-0.04+ACU-
02/02/2024,7615.54,7622.16,7670.91,7609.29,777.00M,+AC0-0.09+ACU-
01/02/2024,7622.16,7630.57,7673.67,7607.9,848.08M,+AC0-0.11+ACU-
31/01/2024,7630.57,7666.31,7689.69,7630.57,887.42M,+AC0-0.47+ACU-
30/01/2024,7666.31,7632.74,7684.24,7632.74,703.83M,0.44+ACU-
29/01/2024,7632.74,7635.09,7664.92,7630.76,597.18M,+AC0-0.03+ACU-
26/01/2024,7635.09,7529.73,7651.75,7529.69,985.33M,1.40+ACU-
25/01/2024,7529.73,7527.67,7544.46,7507.03,660.66M,0.03+ACU-
24/01/2024,7527.67,7485.73,7538.89,7485.73,810.48M,0.56+ACU-
23/01/2024,7485.73,7487.71,7525.13,7465.12,973.74M,+AC0-0.03+ACU-
22/01/2024,7487.71,7461.93,7503.61,7455.97,734.80M,0.35+ACU-
19/01/2024,7461.93,7459.09,7521.05,7450.86,1.13B,0.04+ACU-
18/01/2024,7459.09,7446.29,7471.66,7426.6,814.58M,0.17+ACU-
17/01/2024,7446.29,7558.34,7558.34,7404.08,769.96M,+AC0-1.48+ACU-
16/01/2024,7558.34,7594.91,7594.91,7538.85,1.09B,+AC0-0.48+ACU-
15/01/2024,7594.91,7624.93,7637.79,7578.33,692.82M,+AC0-0.39+ACU-
12/01/2024,7624.93,7576.59,7655.19,7576.59,738.50M,0.64+ACU-
11/01/2024,7576.59,7651.76,7693.9,7576.59,1.17B,+AC0-0.98+ACU-
10/01/2024,7651.76,7683.96,7683.96,7647.37,612.40M,+AC0-0.42+ACU-
09/01/2024,7683.96,7694.19,7717.5,7675.07,658.39M,+AC0-0.13+ACU-
08/01/2024,7694.19,7689.61,7694.19,7636.05,1.02B,0.06+ACU-
05/01/2024,7689.61,7723.07,7723.07,7642.86,610.45M,+AC0-0.43+ACU-
04/01/2024,7723.07,7682.33,7728.17,7678.84,925.46M,0.53+ACU-
03/01/2024,7682.33,7721.52,7744.55,7650.3,721.53M,+AC0-0.51+ACU-
02/01/2024,7721.52,7733.24,7764.37,7689.02,647.24M,+AC0-0.15+ACU-
29/12/2023,7733.24,7722.74,7746.91,7719.02,225.64M,0.14+ACU-
28/12/2023,7722.74,7724.95,7745.99,7708.74,316.82M,+AC0-0.03+ACU-
27/12/2023,7724.95,7697.51,7759.74,7697.51,409.46M,0.36+ACU-
22/12/2023,7697.51,7694.73,7715.21,7676.43,320.56M,0.04+ACU-
21/12/2023,7694.73,7715.68,7715.68,7668.41,562.95M,+AC0-0.27+ACU-
20/12/2023,7715.68,7638.03,7762.88,7637.93,875.63M,1.02+ACU-
19/12/2023,7638.03,7614.48,7642.15,7605.35,935.13M,0.31+ACU-
18/12/2023,7614.48,7576.36,7630.57,7557.24,661.07M,0.50+ACU-
15/12/2023,7576.36,7648.98,7668.22,7569,1.58B,+AC0-0.95+ACU-
14/12/2023,7648.98,7548.44,7724.81,7548.44,1.44B,1.33+ACU-
13/12/2023,7548.44,7542.77,7584.88,7542.68,888.29M,0.08+ACU-
12/12/2023,7542.77,7544.89,7607.51,7542.37,788.54M,+AC0-0.03+ACU-
11/12/2023,7544.89,7554.47,7557.4,7493.59,811.93M,+AC0-0.13+ACU-
08/12/2023,7554.47,7513.72,7581.32,7509.83,779.76M,0.54+ACU-
07/12/2023,7513.72,7515.38,7523.57,7480.49,789.53M,+AC0-0.02+ACU-
06/12/2023,7515.38,7489.84,7542.57,7486.8,1.42B,0.34+ACU-
05/12/2023,7489.84,7512.96,7512.96,7460.21,661.29M,+AC0-0.31+ACU-
04/12/2023,7512.96,7529.35,7533.81,7476.85,818.38M,+AC0-0.22+ACU-
01/12/2023,7529.35,7453.75,7538.71,7453.75,549.09M,1.01+ACU-
30/11/2023,7453.75,7423.46,7497.68,7387.09,1.27B,0.41+ACU-
29/11/2023,7423.46,7455.24,7457.48,7408.79,531.53M,+AC0-0.43+ACU-
28/11/2023,7455.24,7460.7,7461.13,7403.25,599.93M,+AC0-0.07+ACU-
27/11/2023,7460.7,7488.2,7488.26,7452.18,398.90M,+AC0-0.37+ACU-
24/11/2023,7488.2,7483.58,7494.72,7450.12,528.51M,0.06+ACU-
23/11/2023,7483.58,7469.51,7494.77,7450.6,607.42M,0.19+ACU-
22/11/2023,7469.51,7481.99,7504.51,7452,627.38M,+AC0-0.17+ACU-
21/11/2023,7481.99,7496.36,7496.86,7446.68,518.87M,+AC0-0.19+ACU-
20/11/2023,7496.36,7504.25,7506,7472.65,466.75M,+AC0-0.11+ACU-
17/11/2023,7504.25,7410.97,7509,7410,667.07M,1.26+ACU-
16/11/2023,7410.97,7486.91,7492.84,7409.4,750.61M,+AC0-1.01+ACU-
15/11/2023,7486.91,7440.47,7533.77,7440.47,738.50M,0.62+ACU-
14/11/2023,7440.47,7425.83,7456.63,7386.66,881.44M,0.20+ACU-
13/11/2023,7425.83,7360.55,7426.14,7360.55,648.85M,0.89+ACU-
10/11/2023,7360.55,7455.67,7455.67,7319.96,833.64M,+AC0-1.28+ACU-
09/11/2023,7455.67,7401.72,7465.31,7367.21,657.63M,0.73+ACU-
08/11/2023,7401.72,7410.04,7442.09,7384.51,686.12M,+AC0-0.11+ACU-
07/11/2023,7410.04,7417.76,7431.14,7397.4,592.27M,+AC0-0.10+ACU-
06/11/2023,7417.76,7417.73,7448.36,7403.51,711.28M,0.00+ACU-
03/11/2023,7417.73,7446.53,7482.73,7396.57,750.57M,+AC0-0.39+ACU-
02/11/2023,7446.53,7342.43,7469.75,7342.43,972.52M,1.42+ACU-
01/11/2023,7342.43,7321.72,7385.39,7304.89,726.06M,0.28+ACU-
31/10/2023,7321.72,7327.39,7373.53,7309.04,805.34M,+AC0-0.08+ACU-
30/10/2023,7327.39,7291.28,7361.5,7291.28,1.01B,0.50+ACU-
27/10/2023,7291.28,7354.57,7380.33,7279.86,642.46M,+AC0-0.86+ACU-
26/10/2023,7354.57,7414.34,7414.34,7342.48,792.37M,+AC0-0.81+ACU-
25/10/2023,7414.34,7389.7,7428.11,7368.38,607.64M,0.33+ACU-
24/10/2023,7389.7,7374.83,7405.26,7324.99,697.31M,0.20+ACU-
23/10/2023,7374.83,7402.14,7402.2,7338.59,502.73M,+AC0-0.37+ACU-
20/10/2023,7402.14,7499.53,7499.62,7395.57,832.45M,+AC0-1.30+ACU-
19/10/2023,7499.53,7588,7588,7490.46,727.00M,+AC0-1.17+ACU-
18/10/2023,7588,7675.21,7681.5,7579.26,613.43M,+AC0-1.14+ACU-
17/10/2023,7675.21,7630.63,7682.63,7616.77,663.55M,0.58+ACU-
16/10/2023,7630.63,7599.6,7651.27,7584.64,522.40M,0.41+ACU-
13/10/2023,7599.6,7644.78,7660.05,7590.72,567.09M,+AC0-0.59+ACU-
12/10/2023,7644.78,7620.03,7687.91,7620.03,657.76M,0.32+ACU-
11/10/2023,7620.03,7628.21,7651.98,7608.67,623.85M,+AC0-0.11+ACU-
10/10/2023,7628.21,7492.21,7637.41,7492.21,702.69M,1.82+ACU-
09/10/2023,7492.21,7494.58,7540.57,7473.19,737.06M,+AC0-0.03+ACU-
06/10/2023,7494.58,7451.54,7496.42,7423.36,611.66M,0.58+ACU-
05/10/2023,7451.54,7412.45,7488.6,7409.74,615.22M,0.53+ACU-
04/10/2023,7412.45,7470.16,7490.18,7384.2,1.08B,+AC0-0.77+ACU-
03/10/2023,7470.16,7510.72,7545.67,7466.62,534.75M,+AC0-0.54+ACU-
02/10/2023,7510.72,7608.08,7630.41,7491.3,570.11M,+AC0-1.28+ACU-
29/09/2023,7608.08,7601.85,7674.19,7601.85,633.59M,0.08+ACU-
28/09/2023,7601.85,7593.22,7605.55,7524.11,633.80M,0.11+ACU-
27/09/2023,7593.22,7625.72,7645.55,7577.23,711.17M,+AC0-0.43+ACU-
26/09/2023,7625.72,7623.99,7656.94,7593.54,545.49M,0.02+ACU-
25/09/2023,7623.99,7683.91,7684.82,7580.81,538.94M,+AC0-0.78+ACU-
22/09/2023,7683.91,7678.62,7735.16,7640.8,984.62M,0.07+ACU-
21/09/2023,7678.62,7731.65,7746.53,7674.7,1.00B,+AC0-0.69+ACU-
20/09/2023,7731.65,7660.2,7741.9,7659.61,805.82M,0.93+ACU-
19/09/2023,7660.2,7652.94,7682.38,7642.36,595.49M,0.09+ACU-
18/09/2023,7652.94,7711.38,7720.14,7641.76,461.13M,+AC0-0.76+ACU-
15/09/2023,7711.38,7673.08,7745.82,7673.08,1.80B,0.50+ACU-
14/09/2023,7673.08,7525.99,7686.96,7525.99,740.69M,1.95+ACU-
13/09/2023,7525.99,7527.53,7545.16,7490.37,684.59M,+AC0-0.02+ACU-
12/09/2023,7527.53,7496.87,7550.24,7496.34,661.20M,0.41+ACU-
11/09/2023,7496.87,7478.19,7549.34,7467.35,564.85M,0.25+ACU-
08/09/2023,7478.19,7441.72,7480.64,7402.1,651.30M,0.49+ACU-
07/09/2023,7441.72,7426.14,7462.18,7385.92,453.22M,0.21+ACU-
06/09/2023,7426.14,7437.93,7447.94,7369.64,448.10M,+AC0-0.16+ACU-
05/09/2023,7437.93,7452.76,7481.35,7389.8,484.03M,+AC0-0.20+ACU-
04/09/2023,7452.76,7464.54,7523.4,7448.31,391.51M,+AC0-0.16+ACU-
01/09/2023,7464.54,7439.13,7492.63,7439.13,680.28M,0.34+ACU-
31/08/2023,7439.13,7473.67,7500.44,7439.13,1.14B,+AC0-0.46+ACU-
30/08/2023,7473.67,7464.99,7509.36,7464.73,533.76M,0.12+ACU-
29/08/2023,7464.99,7338.58,7471.14,7338.58,1.11B,1.72+ACU-
25/08/2023,7338.58,7333.63,7389.4,7326.97,363.80M,0.07+ACU-
24/08/2023,7333.63,7320.53,7386.08,7320.53,377.23M,0.18+ACU-
23/08/2023,7320.53,7270.76,7348.84,7270.76,874.76M,0.68+ACU-
22/08/2023,7270.76,7257.82,7310.52,7257.58,745.82M,0.18+ACU-
21/08/2023,7257.82,7262.43,7315.97,7250.88,469.44M,+AC0-0.06+ACU-
18/08/2023,7262.43,7310.21,7310.21,7215.76,571.46M,+AC0-0.65+ACU-
17/08/2023,7310.21,7356.88,7356.96,7305,438.19M,+AC0-0.63+ACU-
16/08/2023,7356.88,7389.64,7398.2,7338.53,686.64M,+AC0-0.44+ACU-
15/08/2023,7389.64,7507.15,7508.58,7369.69,463.07M,+AC0-1.57+ACU-
14/08/2023,7507.15,7524.16,7530.25,7476.45,1.14B,+AC0-0.23+ACU-
11/08/2023,7524.16,7618.6,7618.6,7507.84,487.00M,+AC0-1.24+ACU-
10/08/2023,7618.6,7587.3,7622.92,7572.61,636.54M,0.41+ACU-
09/08/2023,7587.3,7527.42,7600.79,7527.42,788.32M,0.80+ACU-
08/08/2023,7527.42,7554.49,7554.49,7487.47,862.21M,+AC0-0.36+ACU-
07/08/2023,7554.49,7564.37,7564.95,7505.15,483.36M,+AC0-0.13+ACU-
04/08/2023,7564.37,7529.16,7569.55,7487.36,503.24M,0.47+ACU-
03/08/2023,7529.16,7561.63,7562.13,7437.88,1.24B,+AC0-0.43+ACU-
02/08/2023,7561.63,7666.27,7666.27,7522.24,745.64M,+AC0-1.36+ACU-
01/08/2023,7666.27,7699.41,7715.24,7650.15,556.25M,+AC0-0.43+ACU-
31/07/2023,7699.41,7694.27,7722.92,7667.81,593.69M,0.07+ACU-
28/07/2023,7694.27,7692.76,7716.82,7680.19,710.94M,0.02+ACU-
27/07/2023,7692.76,7676.89,7709.66,7662.4,963.65M,0.21+ACU-
26/07/2023,7676.89,7691.8,7702.74,7630,807.17M,+AC0-0.19+ACU-
25/07/2023,7691.8,7678.59,7702.35,7676.5,433.68M,0.17+ACU-
24/07/2023,7678.59,7663.73,7684.97,7633.29,521.47M,0.19+ACU-
21/07/2023,7663.73,7646.05,7674.23,7639.45,506.40M,0.23+ACU-
20/07/2023,7646.05,7588.2,7661.87,7585.85,631.30M,0.76+ACU-
19/07/2023,7588.2,7453.69,7625.14,7453.69,841.73M,1.80+ACU-
18/07/2023,7453.69,7406.42,7459.15,7398.53,464.63M,0.64+ACU-
17/07/2023,7406.42,7434.57,7437.61,7395.67,435.68M,+AC0-0.38+ACU-
14/07/2023,7434.57,7440.21,7480.43,7421.31,497.56M,+AC0-0.08+ACU-
13/07/2023,7440.21,7416.11,7457.2,7409.25,584.51M,0.32+ACU-
12/07/2023,7416.11,7282.52,7425.1,7282.52,994.05M,1.83+ACU-
11/07/2023,7282.52,7273.79,7285.33,7239.23,495.97M,0.12+ACU-
10/07/2023,7273.79,7256.94,7306.09,7238.72,428.03M,0.23+ACU-
07/07/2023,7256.94,7280.5,7280.5,7229.57,493.78M,+AC0-0.32+ACU-
06/07/2023,7280.5,7442.1,7442.1,7267.62,743.92M,+AC0-2.17+ACU-
05/07/2023,7442.1,7519.72,7519.72,7434.66,690.59M,+AC0-1.03+ACU-
04/07/2023,7519.72,7527.26,7547.38,7518.36,588.11M,+AC0-0.10+ACU-
03/07/2023,7527.26,7531.53,7561.26,7513.93,533.59M,+AC0-0.06+ACU-
30/06/2023,7531.53,7471.69,7551.59,7471.69,729.20M,0.80+ACU-
29/06/2023,7471.69,7500.49,7505.61,7460.53,607.91M,+AC0-0.38+ACU-
28/06/2023,7500.49,7461.46,7518.33,7461.46,639.84M,0.52+ACU-
27/06/2023,7461.46,7453.58,7495.88,7428.11,673.46M,0.11+ACU-
26/06/2023,7453.58,7461.87,7476.45,7401.18,850.08M,+AC0-0.11+ACU-
23/06/2023,7461.87,7502.03,7502.03,7439.72,620.87M,+AC0-0.54+ACU-
22/06/2023,7502.03,7559.18,7559.18,7458.35,654.66M,+AC0-0.76+ACU-
21/06/2023,7559.18,7569.31,7577.6,7520.92,610.36M,+AC0-0.13+ACU-
20/06/2023,7569.31,7588.48,7607.53,7566.33,580.00M,+AC0-0.25+ACU-
19/06/2023,7588.48,7642.72,7642.72,7581.84,437.65M,+AC0-0.71+ACU-
16/06/2023,7642.72,7628.26,7687.61,7627.83,2.01B,0.19+ACU-
15/06/2023,7628.26,7602.74,7632.67,7584.78,837.69M,0.34+ACU-
14/06/2023,7602.74,7594.78,7639.79,7579.27,677.23M,0.10+ACU-
13/06/2023,7594.78,7570.69,7610.77,7556.32,1.00B,0.32+ACU-
12/06/2023,7570.69,7562.36,7599.87,7556.81,538.22M,0.11+ACU-
09/06/2023,7562.36,7599.74,7621.72,7546.5,562.14M,+AC0-0.49+ACU-
08/06/2023,7599.74,7624.34,7638.61,7587.99,528.47M,+AC0-0.32+ACU-
07/06/2023,7624.34,7628.1,7642.4,7604.42,612.86M,+AC0-0.05+ACU-
06/06/2023,7628.1,7599.99,7636.06,7556.16,666.96M,0.37+ACU-
05/06/2023,7599.99,7607.28,7654.84,7594.13,548.34M,+AC0-0.10+ACU-
02/06/2023,7607.28,7490.27,7614.89,7490.02,632.69M,1.56+ACU-
01/06/2023,7490.27,7446.14,7498.59,7445.3,962.69M,0.59+ACU-
31/05/2023,7446.14,7522.07,7522.07,7446.14,2.28B,+AC0-1.01+ACU-
30/05/2023,7522.07,7627.2,7628.12,7516.52,837.72M,+AC0-1.38+ACU-
26/05/2023,7627.2,7570.87,7643.56,7556.92,687.53M,0.74+ACU-
25/05/2023,7570.87,7627.1,7629.08,7569.17,723.91M,+AC0-0.74+ACU-
24/05/2023,7627.1,7762.95,7762.95,7590.24,988.49M,+AC0-1.75+ACU-
23/05/2023,7762.95,7770.99,7800.85,7747.09,697.20M,+AC0-0.10+ACU-
22/05/2023,7770.99,7756.87,7783.4,7750.53,960.83M,0.18+ACU-
19/05/2023,7756.87,7742.3,7790.92,7742.13,631.10M,0.19+ACU-
18/05/2023,7742.3,7723.23,7776.58,7723.23,751.79M,0.25+ACU-
17/05/2023,7723.23,7751.08,7758.15,7713.03,665.41M,+AC0-0.36+ACU-
16/05/2023,7751.08,7777.7,7804.93,7741.29,1.08B,+AC0-0.34+ACU-
15/05/2023,7777.7,7754.62,7794.89,7754.62,731.05M,0.30+ACU-
12/05/2023,7754.62,7730.58,7772.79,7729.01,744.75M,0.31+ACU-
11/05/2023,7730.58,7741.33,7784.28,7679.61,883.22M,+AC0-0.14+ACU-
10/05/2023,7741.33,7764.09,7778.98,7727.12,711.30M,+AC0-0.29+ACU-
09/05/2023,7764.09,7778.38,7792.35,7735.08,949.73M,+AC0-0.18+ACU-
05/05/2023,7778.38,7778.38,7778.38,7778.38,607.79M,0.98+ACU-
04/05/2023,7702.64,7788.37,7788.37,7691.25,773.16M,+AC0-1.10+ACU-
03/05/2023,7788.37,7773.03,7819.66,7773.03,896.77M,0.20+ACU-
02/05/2023,7773.03,7870.57,7898.69,7773.03,980.26M,+AC0-1.24+ACU-
28/04/2023,7870.57,7831.58,7870.57,7791.63,942.97M,0.50+ACU-
27/04/2023,7831.58,7852.64,7865.73,7816.83,668.18M,+AC0-0.27+ACU-
26/04/2023,7852.64,7891.13,7893.95,7825.93,901.07M,+AC0-0.49+ACU-
25/04/2023,7891.13,7912.2,7912.52,7863.85,646.70M,+AC0-0.27+ACU-
24/04/2023,7912.2,7914.13,7927.11,7877.58,719.42M,+AC0-0.02+ACU-
21/04/2023,7914.13,7902.61,7936.11,7886.46,627.24M,0.15+ACU-
20/04/2023,7902.61,7898.77,7902.95,7876.35,918.03M,0.05+ACU-
19/04/2023,7898.77,7909.44,7909.44,7871.43,504.39M,+AC0-0.13+ACU-
18/04/2023,7909.44,7879.51,7912.73,7879.51,530.24M,0.38+ACU-
17/04/2023,7879.51,7871.91,7916.67,7871.91,590.69M,0.10+ACU-
14/04/2023,7871.91,7843.38,7904.04,7843.38,859.07M,0.36+ACU-
13/04/2023,7843.38,7824.84,7851.57,7814.11,723.49M,0.24+ACU-
12/04/2023,7824.84,7785.72,7859.67,7783.4,714.51M,0.50+ACU-
11/04/2023,7785.72,7741.56,7806.39,7741.56,999.45M,0.57+ACU-
06/04/2023,7741.56,7662.94,7742.11,7654.54,589.45M,1.03+ACU-
05/04/2023,7662.94,7634.52,7678.45,7634.26,658.65M,0.37+ACU-
04/04/2023,7634.52,7673,7726.85,7634.52,790.99M,+AC0-0.50+ACU-
03/04/2023,7673,7631.74,7698.15,7631.74,917.72M,0.54+ACU-
31/03/2023,7631.74,7620.43,7654.41,7616.09,815.85M,0.15+ACU-
30/03/2023,7620.43,7564.27,7638.49,7564.27,666.44M,0.74+ACU-
29/03/2023,7564.27,7484.25,7566.8,7484.21,635.25M,1.07+ACU-
28/03/2023,7484.25,7471.77,7524.55,7464.61,1.15B,0.17+ACU-
27/03/2023,7471.77,7405.45,7491.74,7405.45,698.81M,0.90+ACU-
24/03/2023,7405.45,7499.6,7499.6,7335.71,859.01M,+AC0-1.26+ACU-
23/03/2023,7499.6,7566.84,7566.84,7476.13,1.22B,+AC0-0.89+ACU-
22/03/2023,7566.84,7536.22,7585.57,7505.48,892.03M,0.41+ACU-
21/03/2023,7536.22,7403.85,7557.55,7403.85,801.62M,1.79+ACU-
20/03/2023,7403.85,7335.4,7426.24,7206.82,1.08B,0.93+ACU-
17/03/2023,7335.4,7410.03,7510.47,7309.3,2.09B,+AC0-1.01+ACU-
16/03/2023,7410.03,7344.45,7458.64,7331.49,1.20B,0.89+ACU-
15/03/2023,7344.45,7637.11,7637.39,7333.35,1.33B,+AC0-3.83+ACU-
14/03/2023,7637.11,7548.63,7641.55,7503.25,873.33M,1.17+ACU-
13/03/2023,7548.63,7748.35,7752.43,7546.02,1.19B,+AC0-2.58+ACU-
10/03/2023,7748.35,7879.98,7879.98,7708.32,970.83M,+AC0-1.67+ACU-
09/03/2023,7879.98,7929.92,7930.26,7862.01,839.62M,+AC0-0.63+ACU-
08/03/2023,7929.92,7919.48,7946.62,7891.42,769.83M,0.13+ACU-
07/03/2023,7919.48,7929.79,7959.77,7909.77,862.02M,+AC0-0.13+ACU-
06/03/2023,7929.79,7947.11,7948.67,7897.45,629.33M,+AC0-0.22+ACU-
03/03/2023,7947.11,7944.04,7974.4,7920.07,640.58M,0.04+ACU-
02/03/2023,7944.04,7914.93,7945.82,7875.03,885.59M,0.37+ACU-
01/03/2023,7914.93,7876.28,7950.69,7874.34,1.12B,0.49+ACU-
28/02/2023,7876.28,7935.11,7935.11,7854.82,1.25B,+AC0-0.74+ACU-
27/02/2023,7935.11,7878.66,7949.97,7878.66,755.86M,0.72+ACU-
24/02/2023,7878.66,7907.72,7939.17,7870.39,877.16M,+AC0-0.37+ACU-
23/02/2023,7907.72,7930.63,7935.56,7888.88,974.84M,+AC0-0.29+ACU-
22/02/2023,7930.63,7977.75,7977.75,7879.03,682.44M,+AC0-0.59+ACU-
21/02/2023,7977.75,8014.31,8014.4,7952.48,889.16M,+AC0-0.46+ACU-
20/02/2023,8014.31,8004.36,8020.13,7995.46,692.41M,0.12+ACU-
17/02/2023,8004.36,8012.53,8012.53,7957.69,1.27B,+AC0-0.10+ACU-
16/02/2023,8012.53,7997.83,8047.06,7978.61,728.87M,0.18+ACU-
15/02/2023,7997.83,7953.85,8003.65,7921.32,840.60M,0.55+ACU-
14/02/2023,7953.85,7947.6,7996.35,7947.6,697.52M,0.08+ACU-
13/02/2023,7947.6,7882.45,7947.6,7881.86,570.00M,0.83+ACU-
10/02/2023,7882.45,7911.15,7913.31,7850.94,974.19M,+AC0-0.36+ACU-
09/02/2023,7911.15,7885.17,7949.57,7874.23,1.03B,0.33+ACU-
08/02/2023,7885.17,7864.71,7934.3,7864.66,586.89M,0.26+ACU-
07/02/2023,7864.71,7836.71,7890.82,7835.36,777.24M,0.36+ACU-
06/02/2023,7836.71,7901.8,7901.8,7808.39,665.68M,+AC0-0.82+ACU-
03/02/2023,7901.8,7820.16,7906.58,7806.85,713.86M,1.04+ACU-
02/02/2023,7820.16,7761.11,7837.84,7758.51,726.66M,0.76+ACU-
01/02/2023,7761.11,7771.7,7798.51,7745.43,922.17M,+AC0-0.14+ACU-
31/01/2023,7771.7,7784.87,7784.87,7708.34,828.92M,+AC0-0.17+ACU-
30/01/2023,7784.87,7765.15,7790.69,7718.33,1.12B,0.25+ACU-
27/01/2023,7765.15,7761.11,7777.4,7742.12,709.92M,0.05+ACU-
26/01/2023,7761.11,7744.87,7787.57,7744.87,828.46M,0.21+ACU-
25/01/2023,7744.87,7757.36,7773.57,7710.78,715.29M,+AC0-0.16+ACU-
24/01/2023,7757.36,7784.67,7800.89,7741.75,697.62M,+AC0-0.35+ACU-
23/01/2023,7784.67,7770.59,7811.17,7768.47,561.95M,0.18+ACU-
20/01/2023,7770.59,7747.29,7790.87,7747.29,801.06M,0.30+ACU-
19/01/2023,7747.29,7830.7,7830.8,7726.23,723.12M,+AC0-1.07+ACU-
18/01/2023,7830.7,7851.03,7867.43,7824.73,962.44M,+AC0-0.26+ACU-
17/01/2023,7851.03,7860.07,7875.58,7830.35,985.55M,+AC0-0.12+ACU-
16/01/2023,7860.07,7844.07,7867.23,7841.91,528.53M,0.20+ACU-
13/01/2023,7844.07,7794.04,7864.95,7793.55,752.68M,0.64+ACU-
12/01/2023,7794.04,7724.98,7809.13,7724.55,737.14M,0.89+ACU-
11/01/2023,7724.98,7694.49,7772.37,7694.35,1.03B,0.40+ACU-
10/01/2023,7694.49,7724.94,7724.94,7684.35,933.07M,+AC0-0.39+ACU-
09/01/2023,7724.94,7699.49,7725.74,7688.69,844.76M,0.33+ACU-
06/01/2023,7699.49,7633.45,7700.81,7633.45,787.76M,0.87+ACU-
05/01/2023,7633.45,7585.19,7658.79,7564.7,883.30M,0.64+ACU-
04/01/2023,7585.19,7554.09,7609.25,7545.18,748.68M,0.41+ACU-
03/01/2023,7554.09,7451.74,7626.4,7448.69,913.39M,1.37+ACU-
30/12/2022,7451.74,7512.72,7512.92,7451.74,253.96M,+AC0-0.81+ACU-
29/12/2022,7512.72,7497.19,7516.36,7434.64,351.68M,0.21+ACU-
28/12/2022,7497.19,7473.01,7547,7473.01,416.73M,0.32+ACU-
23/12/2022,7473.01,7469.28,7496.4,7462.8,222.85M,0.05+ACU-
22/12/2022,7469.28,7497.32,7540.31,7463.54,402.11M,+AC0-0.37+ACU-
21/12/2022,7497.32,7370.62,7498.48,7368.72,498.97M,1.72+ACU-
20/12/2022,7370.62,7361.31,7389.92,7302.82,788.28M,0.13+ACU-
19/12/2022,7361.31,7332.12,7385.38,7332.12,517.59M,0.40+ACU-
16/12/2022,7332.12,7426.17,7429.29,7305.72,1.83B,+AC0-1.27+ACU-
15/12/2022,7426.17,7495.93,7495.93,7411.07,616.55M,+AC0-0.93+ACU-
14/12/2022,7495.93,7502.89,7504.49,7461.68,744.83M,+AC0-0.09+ACU-
13/12/2022,7502.89,7445.97,7553.36,7428.98,687.82M,0.76+ACU-
12/12/2022,7445.97,7476.63,7476.63,7438.87,599.81M,+AC0-0.41+ACU-
09/12/2022,7476.63,7472.17,7498.04,7431.44,669.40M,0.06+ACU-
08/12/2022,7472.17,7489.19,7507.98,7469.12,637.24M,+AC0-0.23+ACU-
07/12/2022,7489.19,7521.39,7567.23,7489.19,726.99M,+AC0-0.43+ACU-
06/12/2022,7521.39,7567.54,7567.64,7521.39,805.28M,+AC0-0.61+ACU-
05/12/2022,7567.54,7556.23,7598.21,7547.76,509.14M,0.15+ACU-
02/12/2022,7556.23,7558.49,7570.46,7507.98,540.21M,+AC0-0.03+ACU-
01/12/2022,7558.49,7573.05,7599.7,7552.29,642.83M,+AC0-0.19+ACU-
30/11/2022,7573.05,7512,7599.27,7512,1.39B,0.81+ACU-
29/11/2022,7512,7474.02,7543.09,7473.99,712.72M,0.51+ACU-
28/11/2022,7474.02,7486.67,7496.8,7420,661.71M,+AC0-0.17+ACU-
25/11/2022,7486.67,7466.6,7497.23,7461.78,501.39M,0.27+ACU-
24/11/2022,7466.6,7465.24,7488.07,7443.46,418.29M,0.02+ACU-
23/11/2022,7465.24,7452.84,7498.34,7452.84,867.36M,0.17+ACU-
22/11/2022,7452.84,7376.85,7458.88,7373.56,574.08M,1.03+ACU-
21/11/2022,7376.85,7385.52,7402.79,7343.37,666.22M,+AC0-0.12+ACU-
18/11/2022,7385.52,7346.54,7423.51,7343.5,844.25M,0.53+ACU-
17/11/2022,7346.54,7351.19,7354.07,7294.75,751.94M,+AC0-0.06+ACU-
16/11/2022,7351.19,7369.44,7394.42,7341.59,764.63M,+AC0-0.25+ACU-
15/11/2022,7369.44,7385.17,7413.01,7344.85,930.14M,+AC0-0.21+ACU-
14/11/2022,7385.17,7318.04,7413.82,7317.57,730.72M,0.92+ACU-
11/11/2022,7318.04,7375.34,7408.61,7316.84,931.07M,+AC0-0.78+ACU-
10/11/2022,7375.34,7296.25,7405.09,7253.36,769.32M,1.08+ACU-
09/11/2022,7296.25,7306.14,7307.8,7263.46,529.92M,+AC0-0.14+ACU-
08/11/2022,7306.14,7299.99,7313.46,7244.83,788.99M,0.08+ACU-
07/11/2022,7299.99,7334.84,7346.66,7288,718.25M,+AC0-0.48+ACU-
04/11/2022,7334.84,7188.63,7376.23,7188.63,907.02M,2.03+ACU-
03/11/2022,7188.63,7144.14,7188.63,7076.47,710.16M,0.62+ACU-
02/11/2022,7144.14,7186.16,7205.07,7130.5,686.59M,+AC0-0.58+ACU-
01/11/2022,7186.16,7094.53,7221.32,7094.53,879.61M,1.29+ACU-
31/10/2022,7094.53,7047.67,7132.85,7030.12,863.93M,0.66+ACU-
28/10/2022,7047.67,7073.69,7073.69,6997.54,683.67M,+AC0-0.37+ACU-
27/10/2022,7073.69,7056.07,7093.05,7034.24,920.15M,0.25+ACU-
26/10/2022,7056.07,7013.48,7057.42,6960.11,1.02B,0.61+ACU-
25/10/2022,7013.48,7013.99,7025.22,6949.24,619.92M,+AC0-0.01+ACU-
24/10/2022,7013.99,6969.73,7047.37,6914.66,619.99M,0.64+ACU-
21/10/2022,6969.73,6943.91,6976.19,6864.13,668.39M,0.37+ACU-
20/10/2022,6943.91,6924.99,6954.21,6894.85,812.74M,0.27+ACU-
19/10/2022,6924.99,6936.74,6968.33,6890.66,699.52M,+AC0-0.17+ACU-
18/10/2022,6936.74,6920.24,7017.4,6920.24,798.46M,0.24+ACU-
17/10/2022,6920.24,6858.79,6959.71,6850.43,951.02M,0.90+ACU-
14/10/2022,6858.79,6850.27,6976.3,6850.27,881.17M,0.12+ACU-
13/10/2022,6850.27,6826.15,6872.9,6707.62,1.12B,0.35+ACU-
12/10/2022,6826.15,6885.23,6916.94,6793.77,970.01M,+AC0-0.86+ACU-
11/10/2022,6885.23,6959.31,6959.43,6860.31,813.48M,+AC0-1.06+ACU-
10/10/2022,6959.31,6991.09,6999.2,6922.94,918.37M,+AC0-0.45+ACU-
07/10/2022,6991.09,6997.27,7022.41,6960.36,769.47M,+AC0-0.09+ACU-
06/10/2022,6997.27,7052.62,7079.74,6961.1,995.42M,+AC0-0.78+ACU-
05/10/2022,7052.62,7086.46,7086.46,6977.95,866.09M,+AC0-0.48+ACU-
04/10/2022,7086.46,6908.76,7088.17,6908.67,1.09B,2.57+ACU-
03/10/2022,6908.76,6893.81,6923.75,6797.37,1.22B,0.22+ACU-
30/09/2022,6893.81,6881.59,6954.92,6840.07,1.17B,0.18+ACU-
29/09/2022,6881.59,7005.39,7005.39,6829.29,1.16B,+AC0-1.77+ACU-
28/09/2022,7005.39,6984.59,7011.5,6836.28,1.52B,0.30+ACU-
27/09/2022,6984.59,7020.95,7073.96,6984.59,1.22B,+AC0-0.52+ACU-
26/09/2022,7020.95,7018.6,7071.11,6937.4,1.16B,0.03+ACU-
23/09/2022,7018.6,7159.52,7169.12,6981.5,971.11M,+AC0-1.97+ACU-
22/09/2022,7159.52,7237.64,7243.9,7149.59,904.88M,+AC0-1.08+ACU-
21/09/2022,7237.64,7192.66,7258.87,7170.69,1.44B,0.63+ACU-
20/09/2022,7192.66,7236.68,7326.54,7171.24,1.05B,+AC0-0.61+ACU-
16/09/2022,7236.68,7282.07,7297.1,7236.17,2.14B,+AC0-0.62+ACU-
15/09/2022,7282.07,7277.3,7329,7258.67,843.74M,0.07+ACU-
14/09/2022,7277.3,7385.86,7385.86,7259.24,1.02B,+AC0-1.47+ACU-
13/09/2022,7385.86,7473.03,7514.04,7385.86,712.02M,+AC0-1.17+ACU-
12/09/2022,7473.03,7351.07,7483,7351.07,901.66M,1.66+ACU-
09/09/2022,7351.07,7262.06,7386.59,7262.06,703.94M,1.23+ACU-
08/09/2022,7262.06,7237.83,7273.01,7175.75,658.61M,0.33+ACU-
07/09/2022,7237.83,7300.44,7300.44,7186.56,1.17B,+AC0-0.86+ACU-
06/09/2022,7300.44,7287.43,7324.19,7256.51,833.65M,0.18+ACU-
05/09/2022,7287.43,7281.19,7288.46,7191.17,670.76M,0.09+ACU-
02/09/2022,7281.19,7148.5,7288.72,7148.5,820.84M,1.86+ACU-
01/09/2022,7148.5,7284.15,7284.15,7131.69,739.22M,+AC0-1.86+ACU-
31/08/2022,7284.15,7361.63,7378.44,7263.62,1.15B,+AC0-1.05+ACU-
30/08/2022,7361.63,7427.31,7486.4,7351.12,1.12B,+AC0-0.88+ACU-
26/08/2022,7427.31,7479.74,7530.65,7422.02,627.20M,+AC0-0.70+ACU-
25/08/2022,7479.74,7471.51,7535.7,7469.17,438.29M,0.11+ACU-
24/08/2022,7471.51,7488.11,7488.12,7410.4,579.00M,+AC0-0.22+ACU-
23/08/2022,7488.11,7533.79,7533.79,7467.56,672.51M,+AC0-0.61+ACU-
22/08/2022,7533.79,7550.37,7550.41,7491.26,575.33M,+AC0-0.22+ACU-
19/08/2022,7550.37,7541.85,7578.85,7513.26,698.78M,0.11+ACU-
18/08/2022,7541.85,7515.75,7541.89,7493.66,590.65M,0.35+ACU-
17/08/2022,7515.75,7536.06,7554.04,7501.54,505.66M,+AC0-0.27+ACU-
16/08/2022,7536.06,7509.15,7563.67,7509.15,513.90M,0.36+ACU-
15/08/2022,7509.15,7500.89,7539.21,7463.51,460.48M,0.11+ACU-
12/08/2022,7500.89,7465.91,7516.83,7464.12,497.63M,0.47+ACU-
11/08/2022,7465.91,7507.11,7515,7460.11,629.90M,+AC0-0.55+ACU-
10/08/2022,7507.11,7488.15,7520.72,7468.64,741.05M,0.25+ACU-
09/08/2022,7488.15,7482.37,7504.64,7475.04,648.38M,0.08+ACU-
08/08/2022,7482.37,7439.74,7513.76,7439.74,626.01M,0.57+ACU-
05/08/2022,7439.74,7448.06,7470.63,7420.16,598.72M,+AC0-0.11+ACU-
04/08/2022,7448.06,7445.68,7491.74,7417.49,856.62M,0.03+ACU-
03/08/2022,7445.68,7409.11,7445.9,7372.71,878.40M,0.49+ACU-
02/08/2022,7409.11,7413.42,7433.34,7386.76,622.64M,+AC0-0.06+ACU-
01/08/2022,7413.42,7446.01,7471.87,7408.94,551.73M,+AC0-0.13+ACU-
29/07/2022,7423.43,7345.25,7441.2,7345.25,883.36M,1.06+ACU-
28/07/2022,7345.25,7348.23,7396.2,7308.99,744.54M,+AC0-0.04+ACU-
27/07/2022,7348.23,7306.28,7365.22,7306.28,1.19B,0.57+ACU-
26/07/2022,7306.28,7306.3,7365.37,7301.19,730.91M,0.00+ACU-
25/07/2022,7306.3,7276.37,7309.65,7242.9,711.40M,0.41+ACU-
22/07/2022,7276.37,7270.51,7315.34,7254.02,606.88M,0.08+ACU-
21/07/2022,7270.51,7264.31,7274.73,7200.14,797.90M,0.09+ACU-
20/07/2022,7264.31,7296.28,7347.6,7253.56,1.06B,+AC0-0.44+ACU-
19/07/2022,7296.28,7223.24,7308.99,7174.4,665.79M,1.01+ACU-
18/07/2022,7223.24,7159.01,7268.88,7159.01,668.12M,0.90+ACU-
15/07/2022,7159.01,7039.81,7167.85,7038.15,782.83M,1.69+ACU-
14/07/2022,7039.81,7156.37,7157.62,7007.09,848.22M,+AC0-1.63+ACU-
13/07/2022,7156.37,7209.86,7209.86,7104.06,805.87M,+AC0-0.74+ACU-
12/07/2022,7209.86,7196.59,7216.9,7143.31,851.98M,0.18+ACU-
11/07/2022,7196.59,7196.24,7204.06,7097.42,674.30M,0.00+ACU-
08/07/2022,7196.24,7189.08,7210.58,7129.15,604.18M,0.10+ACU-
07/07/2022,7189.08,7107.77,7213.05,7107.77,1.09B,1.14+ACU-
06/07/2022,7107.77,7025.47,7198.72,7025.35,929.87M,1.17+ACU-
05/07/2022,7025.47,7232.65,7260.3,7016.78,1.10B,+AC0-2.86+ACU-
04/07/2022,7232.65,7168.65,7258.46,7168.65,416.52M,0.89+ACU-
01/07/2022,7168.65,7169.28,7214.82,7101.38,676.87M,+AC0-0.01+ACU-
30/06/2022,7169.28,7312.32,7312.32,7110.7,903.28M,+AC0-1.96+ACU-
29/06/2022,7312.32,7323.41,7345.45,7263.54,717.60M,+AC0-0.15+ACU-
28/06/2022,7323.41,7258.32,7362.37,7258.32,735.14M,0.90+ACU-
27/06/2022,7258.32,7208.81,7284.48,7208.52,801.39M,0.69+ACU-
24/06/2022,7208.81,7020.45,7211.07,7016.02,771.05M,2.68+ACU-
23/06/2022,7020.45,7089.22,7115.8,7014.19,763.77M,+AC0-0.97+ACU-
22/06/2022,7089.22,7152.05,7152.05,7030.03,1.20B,+AC0-0.88+ACU-
21/06/2022,7152.05,7121.81,7193.9,7119.25,580.24M,0.42+ACU-
20/06/2022,7121.81,7016.25,7129.64,7016.15,666.46M,1.50+ACU-
17/06/2022,7016.25,7044.98,7130.62,6998.17,1.90B,+AC0-0.41+ACU-
16/06/2022,7044.98,7273.41,7273.41,7039.47,1.14B,+AC0-3.14+ACU-
15/06/2022,7273.41,7187.46,7313.7,7186.5,1.09B,1.20+ACU-
14/06/2022,7187.46,7205.81,7271.85,7135.15,864.70M,+AC0-0.25+ACU-
13/06/2022,7205.81,7317.52,7317.52,7174.02,979.94M,+AC0-1.53+ACU-
10/06/2022,7317.52,7476.21,7476.21,7294.2,911.37M,+AC0-2.12+ACU-
09/06/2022,7476.21,7593,7593,7472.29,771.94M,+AC0-1.54+ACU-
08/06/2022,7593,7598.93,7616.22,7550.65,776.34M,+AC0-0.08+ACU-
07/06/2022,7598.93,7608.22,7617.53,7570.67,750.10M,+AC0-0.12+ACU-
06/06/2022,7608.22,7532.95,7646.66,7532.84,694.54M,1.00+ACU-
01/06/2022,7532.95,7607.66,7639.21,7529.23,728.80M,+AC0-0.98+ACU-
31/05/2022,7607.66,7600.06,7648.26,7591.84,1.62B,0.10+ACU-
30/05/2022,7600.06,7585.46,7625.63,7576.37,1.01B,0.19+ACU-
27/05/2022,7585.46,7564.92,7597.64,7542.78,705.20M,0.27+ACU-
26/05/2022,7564.92,7522.75,7575.53,7512.45,709.53M,0.56+ACU-
25/05/2022,7522.75,7484.35,7546.41,7484.35,896.38M,0.51+ACU-
24/05/2022,7484.35,7513.44,7529.65,7434.46,1.11B,+AC0-0.39+ACU-
23/05/2022,7513.44,7389.98,7513.44,7389.98,805.45M,1.67+ACU-
20/05/2022,7389.98,7302.74,7453.49,7302.74,789.83M,1.19+ACU-
19/05/2022,7302.74,7438.09,7438.09,7228.67,1.04B,+AC0-1.82+ACU-
18/05/2022,7438.09,7518.35,7526.14,7438.09,829.89M,+AC0-1.07+ACU-
17/05/2022,7518.35,7464.8,7538.68,7464.8,811.23M,0.72+ACU-
16/05/2022,7464.8,7418.15,7464.8,7361.72,814.21M,0.63+ACU-
13/05/2022,7418.15,7233.34,7421.95,7233.34,871.81M,2.55+ACU-
12/05/2022,7233.34,7347.66,7347.66,7158.53,964.33M,+AC0-1.56+ACU-
11/05/2022,7347.66,7243.22,7349.7,7238.97,1.17B,1.44+ACU-
10/05/2022,7243.22,7216.58,7311.65,7216.58,919.89M,0.37+ACU-
09/05/2022,7216.58,7387.94,7391.59,7216.58,795.91M,+AC0-2.32+ACU-
06/05/2022,7387.94,7503.27,7503.27,7354.06,1.09B,+AC0-1.54+ACU-
05/05/2022,7503.27,7493.45,7619.39,7493.45,930.90M,0.13+ACU-
04/05/2022,7493.45,7561.33,7572.65,7493.45,686.24M,+AC0-0.90+ACU-
03/05/2022,7561.33,7544.55,7561.33,7475.69,1.34B,0.22+ACU-
29/04/2022,7544.55,7509.19,7569.8,7509.19,980.48M,0.47+ACU-
28/04/2022,7509.19,7425.61,7519.7,7425.61,911.15M,1.13+ACU-
27/04/2022,7425.61,7386.19,7458.24,7344.89,958.20M,0.53+ACU-
26/04/2022,7386.19,7380.54,7463.15,7380.54,847.40M,0.08+ACU-
25/04/2022,7380.54,7521.68,7521.68,7339.53,739.45M,+AC0-1.88+ACU-
22/04/2022,7521.68,7627.95,7628.03,7521.68,694.60M,+AC0-1.39+ACU-
21/04/2022,7627.95,7629.22,7656.47,7596.29,763.26M,+AC0-0.02+ACU-
20/04/2022,7629.22,7601.28,7637.87,7590.62,1.18B,0.37+ACU-
19/04/2022,7601.28,7616.38,7624.9,7565.81,846.78M,+AC0-0.20+ACU-
14/04/2022,7616.38,7580.8,7622.41,7551.39,1.01B,0.47+ACU-
13/04/2022,7580.8,7576.66,7597.85,7550.94,742.67M,0.05+ACU-
12/04/2022,7576.66,7618.31,7618.31,7543.03,772.40M,+AC0-0.55+ACU-
11/04/2022,7618.31,7669.56,7669.56,7611.68,751.36M,+AC0-0.67+ACU-
08/04/2022,7669.56,7551.81,7669.56,7551.81,919.25M,1.56+ACU-
07/04/2022,7551.81,7587.7,7601.52,7537.25,1.15B,+AC0-0.47+ACU-
06/04/2022,7587.7,7613.72,7614.13,7536.2,1.10B,+AC0-0.34+ACU-
05/04/2022,7613.72,7558.92,7613.72,7536.21,1.21B,0.72+ACU-
04/04/2022,7558.92,7537.9,7574.33,7532.23,837.40M,0.28+ACU-
01/04/2022,7537.9,7515.68,7552.46,7508.92,811.32M,0.30+ACU-
31/03/2022,7515.68,7578.75,7595.42,7515.68,925.36M,+AC0-0.83+ACU-
30/03/2022,7578.75,7537.25,7578.75,7523.82,996.86M,0.55+ACU-
29/03/2022,7537.25,7473.14,7584.11,7473.14,1.17B,0.86+ACU-
28/03/2022,7473.14,7483.35,7539.3,7471.47,763.98M,+AC0-0.14+ACU-
25/03/2022,7483.35,7467.38,7502.67,7441.28,866.85M,0.21+ACU-
24/03/2022,7467.38,7460.63,7492,7453.25,701.68M,0.09+ACU-
23/03/2022,7460.63,7476.72,7521.14,7459.36,857.90M,+AC0-0.22+ACU-
22/03/2022,7476.72,7442.39,7490.46,7442.39,1.03B,0.46+ACU-
21/03/2022,7442.39,7404.73,7464.95,7402.6,798.50M,0.51+ACU-
18/03/2022,7404.73,7385.34,7406.13,7318.9,2.27B,0.26+ACU-
17/03/2022,7385.34,7291.68,7385.34,7260.51,1.09B,1.28+ACU-
16/03/2022,7291.68,7175.7,7312.23,7175.7,1.91B,1.62+ACU-
15/03/2022,7175.7,7193.47,7193.47,7075.82,870.28M,+AC0-0.25+ACU-
14/03/2022,7193.47,7155.64,7222.87,7143.95,915.52M,0.53+ACU-
11/03/2022,7155.64,7099.09,7260.4,7099.03,973.20M,0.80+ACU-
10/03/2022,7099.09,7190.72,7192.75,7065.96,1.14B,+AC0-1.27+ACU-
09/03/2022,7190.72,6964.11,7190.72,6964.11,1.24B,3.25+ACU-
08/03/2022,6964.11,6959.48,7013.51,6893.55,1.44B,0.07+ACU-
07/03/2022,6959.48,6987.14,7030.74,6787.98,2.11B,+AC0-0.40+ACU-
04/03/2022,6987.14,7238.85,7238.85,6980.86,1.56B,+AC0-3.48+ACU-
03/03/2022,7238.85,7429.56,7468.83,7231.51,1.23B,+AC0-2.57+ACU-
02/03/2022,7429.56,7330.2,7462.22,7320.77,1.33B,1.36+ACU-
01/03/2022,7330.2,7458.25,7499.33,7327.79,1.34B,+AC0-1.72+ACU-
28/02/2022,7458.25,7489.46,7489.46,7361.59,1.58B,+AC0-0.42+ACU-
25/02/2022,7489.46,7207.38,7497.94,7207.38,1.37B,3.91+ACU-
24/02/2022,7207.38,7498.18,7498.18,7204.74,1.95B,+AC0-3.88+ACU-
23/02/2022,7498.18,7494.21,7549.98,7490.54,862.65M,0.05+ACU-
22/02/2022,7494.21,7484.33,7531.32,7365.04,1.02B,0.13+ACU-
21/02/2022,7484.33,7513.62,7571.07,7446.43,622.64M,+AC0-0.39+ACU-
18/02/2022,7513.62,7537.37,7570.56,7508.73,768.99M,+AC0-0.32+ACU-
17/02/2022,7537.37,7603.78,7607.24,7499.86,776.93M,+AC0-0.87+ACU-
16/02/2022,7603.78,7608.92,7630.72,7560.94,1.13B,+AC0-0.07+ACU-
15/02/2022,7608.92,7531.59,7608.92,7513.16,808.11M,1.03+ACU-
14/02/2022,7531.59,7661.02,7661.02,7483.36,925.23M,+AC0-1.69+ACU-
11/02/2022,7661.02,7672.4,7672.4,7596.11,909.14M,+AC0-0.15+ACU-
10/02/2022,7672.4,7643.42,7687.27,7622.74,831.34M,0.38+ACU-
09/02/2022,7643.42,7567.07,7657.93,7567.07,992.00M,1.01+ACU-
08/02/2022,7567.07,7573.47,7631.31,7548.19,804.06M,+AC0-0.08+ACU-
07/02/2022,7573.47,7516.4,7591.65,7508.48,1.07B,0.76+ACU-
04/02/2022,7516.4,7528.84,7599.73,7497.21,883.70M,+AC0-0.17+ACU-
03/02/2022,7528.84,7583,7605.75,7528.69,911.77M,+AC0-0.71+ACU-
02/02/2022,7583,7535.78,7605.64,7535.78,719.79M,0.63+ACU-
01/02/2022,7535.78,7464.37,7549.29,7463.01,746.04M,0.96+ACU-
31/01/2022,7464.37,7466.07,7523.95,7450.89,760.52M,+AC0-0.02+ACU-
28/01/2022,7466.07,7554.31,7554.31,7420.2,1.53B,+AC0-1.17+ACU-
27/01/2022,7554.31,7469.78,7596.7,7388.8,1.01B,1.13+ACU-
26/01/2022,7469.78,7371.46,7525.58,7371.46,783.18M,1.33+ACU-
25/01/2022,7371.46,7297.15,7382.6,7297.15,851.98M,1.02+ACU-
24/01/2022,7297.15,7494.13,7494.13,7283.38,1.29B,+AC0-2.63+ACU-
21/01/2022,7494.13,7585.01,7585.01,7450.49,818.94M,+AC0-1.20+ACU-
20/01/2022,7585.01,7589.66,7619.01,7549.87,777.76M,+AC0-0.06+ACU-
19/01/2022,7589.66,7563.55,7614.93,7525.15,864.60M,0.35+ACU-
18/01/2022,7563.55,7611.23,7613.05,7531.96,953.23M,+AC0-0.63+ACU-
17/01/2022,7611.23,7542.95,7616.06,7542.95,791.22M,0.91+ACU-
14/01/2022,7542.95,7563.85,7568.16,7523.02,790.08M,+AC0-0.28+ACU-
13/01/2022,7563.85,7551.72,7566.46,7530.12,776.33M,0.16+ACU-
12/01/2022,7551.72,7491.37,7564.2,7491.37,872.40M,0.81+ACU-
11/01/2022,7491.37,7445.25,7497.12,7445.25,725.79M,0.62+ACU-
10/01/2022,7445.25,7485.28,7496.12,7422.94,1.05B,+AC0-0.53+ACU-
07/01/2022,7485.28,7450.37,7485.28,7431.86,705.19M,0.47+ACU-
06/01/2022,7450.37,7516.87,7516.87,7419.95,843.73M,+AC0-0.88+ACU-
05/01/2022,7516.87,7505.15,7529.97,7484.28,707.51M,0.16+ACU-
04/01/2022,7505.15,7384.54,7520.79,7384.54,934.18M,1.63+ACU-
31/12/2021,7384.54,7403.01,7403.01,7357.1,179.34M,+AC0-0.25+ACU-
30/12/2021,7403.01,7420.69,7433.39,7403.01,266.40M,+AC0-0.24+ACU-
29/12/2021,7420.69,7372.1,7457.14,7372.1,445.97M,0.66+ACU-
24/12/2021,7372.1,7373.34,7403.65,7368.83,126.01M,+AC0-0.02+ACU-
23/12/2021,7373.34,7341.66,7385.42,7331.05,422.35M,0.43+ACU-
22/12/2021,7341.66,7297.41,7341.66,7273.45,514.77M,0.61+ACU-
21/12/2021,7297.41,7198.03,7297.41,7198.03,683.67M,1.38+ACU-
20/12/2021,7198.03,7269.92,7269.92,7101.04,925.05M,+AC0-0.99+ACU-
17/12/2021,7269.92,7260.61,7286.5,7236.17,1.40B,0.13+ACU-
16/12/2021,7260.61,7170.75,7273.34,7170.75,1.04B,1.25+ACU-
15/12/2021,7170.75,7218.64,7224.85,7166.83,720.99M,+AC0-0.66+ACU-
14/12/2021,7218.64,7231.44,7284.47,7218.64,662.21M,+AC0-0.18+ACU-
13/12/2021,7231.44,7291.78,7309.23,7226.63,1.17B,+AC0-0.83+ACU-
10/12/2021,7291.78,7321.26,7331.58,7284.82,533.84M,+AC0-0.40+ACU-
09/12/2021,7321.26,7337.05,7366.1,7302.96,615.19M,+AC0-0.22+ACU-
08/12/2021,7337.05,7339.9,7378.92,7333.56,775.60M,+AC0-0.04+ACU-
07/12/2021,7339.9,7232.28,7344.69,7232.28,783.61M,1.49+ACU-
06/12/2021,7232.28,7122.32,7246.25,7122.32,637.27M,1.54+ACU-
03/12/2021,7122.32,7129.21,7196.05,7105.29,867.11M,+AC0-0.10+ACU-
02/12/2021,7129.21,7168.68,7168.68,7083.21,723.06M,+AC0-0.55+ACU-
01/12/2021,7168.68,7059.45,7182.01,7059.35,776.70M,1.55+ACU-
30/11/2021,7059.45,7109.95,7109.95,6989.66,1.40B,+AC0-0.71+ACU-
29/11/2021,7109.95,7044.03,7161.91,7044.03,945.04M,0.94+ACU-
26/11/2021,7044.03,7310.37,7310.37,7042.12,1.66B,+AC0-3.64+ACU-
25/11/2021,7310.37,7286.32,7311.94,7286.32,472.10M,0.33+ACU-
24/11/2021,7286.32,7266.69,7307.89,7245.98,610.56M,0.27+ACU-
23/11/2021,7266.69,7255.46,7293.07,7204.37,624.61M,0.15+ACU-
22/11/2021,7255.46,7223.57,7272.63,7207.81,638.19M,0.44+ACU-
19/11/2021,7223.57,7255.96,7289.51,7198.76,1.14B,+AC0-0.45+ACU-
18/11/2021,7255.96,7291.2,7291.26,7241.99,582.17M,+AC0-0.48+ACU-
17/11/2021,7291.2,7326.97,7326.97,7289.98,974.73M,+AC0-0.49+ACU-
16/11/2021,7326.97,7351.86,7368.25,7324.13,798.26M,+AC0-0.34+ACU-
15/11/2021,7351.86,7347.91,7363.48,7324.11,603.83M,0.05+ACU-
12/11/2021,7347.91,7384.18,7402.68,7340.49,730.84M,+AC0-0.49+ACU-
11/11/2021,7384.18,7340.15,7394.41,7329.68,672.66M,0.60+ACU-
10/11/2021,7340.15,7274.04,7340.15,7270.11,864.17M,0.91+ACU-
09/11/2021,7274.04,7300.4,7314.13,7268.79,780.38M,+AC0-0.36+ACU-
08/11/2021,7300.4,7303.96,7316.54,7293.5,617.44M,+AC0-0.05+ACU-
05/11/2021,7303.96,7279.91,7331.25,7270.03,751.64M,0.33+ACU-
04/11/2021,7279.91,7248.89,7292.96,7247.59,983.13M,0.43+ACU-
03/11/2021,7248.89,7274.81,7277.64,7235.32,729.03M,+AC0-0.36+ACU-
02/11/2021,7274.81,7288.62,7288.62,7240.02,787.96M,+AC0-0.19+ACU-
01/11/2021,7288.62,7237.57,7303.39,7237.57,643.73M,0.71+ACU-
29/10/2021,7237.57,7249.47,7249.47,7192.05,874.75M,+AC0-0.16+ACU-
28/10/2021,7249.47,7253.27,7257.85,7219.71,676.36M,+AC0-0.05+ACU-
27/10/2021,7253.27,7277.62,7280.45,7247.25,606.50M,+AC0-0.33+ACU-
26/10/2021,7277.62,7222.82,7281.17,7222.82,670.41M,0.76+ACU-
25/10/2021,7222.82,7204.55,7247.53,7204.55,590.62M,0.25+ACU-
22/10/2021,7204.55,7190.3,7235.19,7190.3,482.74M,0.20+ACU-
21/10/2021,7190.3,7223.1,7227.06,7181.7,615.50M,+AC0-0.45+ACU-
20/10/2021,7223.1,7217.53,7229.26,7199.29,624.84M,0.08+ACU-
19/10/2021,7217.53,7203.83,7223.29,7189.5,677.32M,0.19+ACU-
18/10/2021,7203.83,7234.03,7234.03,7180.2,580.84M,+AC0-0.42+ACU-
15/10/2021,7234.03,7207.71,7243.85,7206.26,812.23M,0.37+ACU-
14/10/2021,7207.71,7141.82,7216.15,7141.82,785.96M,0.92+ACU-
13/10/2021,7141.82,7130.23,7152.87,7087.93,1.04B,0.16+ACU-
12/10/2021,7130.23,7146.85,7146.85,7063.43,815.61M,+AC0-0.23+ACU-
11/10/2021,7146.85,7095.55,7146.85,7085.85,709.51M,0.72+ACU-
08/10/2021,7095.55,7078.04,7109.34,7070.53,704.10M,0.25+ACU-
07/10/2021,7078.04,6995.87,7094.93,6995.87,709.62M,1.17+ACU-
06/10/2021,6995.87,7077.1,7077.1,6945.5,939.50M,+AC0-1.15+ACU-
05/10/2021,7077.1,7011.01,7084.52,7011.01,824.59M,0.94+ACU-
04/10/2021,7011.01,7027.07,7072.48,7002.72,792.85M,+AC0-0.23+ACU-
01/10/2021,7027.07,7086.42,7086.42,6989.64,815.42M,+AC0-0.84+ACU-
30/09/2021,7086.42,7108.16,7159.61,7072.57,867.45M,+AC0-0.31+ACU-
29/09/2021,7108.16,7028.1,7117.52,7026.85,810.52M,1.14+ACU-
28/09/2021,7028.1,7063.4,7071.36,7015.58,818.88M,+AC0-0.50+ACU-
27/09/2021,7063.4,7051.48,7122.09,7043.21,900.05M,0.17+ACU-
24/09/2021,7051.48,7078.35,7080.23,7041.34,817.65M,+AC0-0.38+ACU-
23/09/2021,7078.35,7083.37,7131.43,7070.68,731.21M,+AC0-0.07+ACU-
22/09/2021,7083.37,6980.98,7090.48,6980.98,623.00M,1.47+ACU-
21/09/2021,6980.98,6903.91,7004.88,6903.91,811.46M,1.12+ACU-
20/09/2021,6903.91,6963.64,6963.64,6828.28,905.91M,+AC0-0.86+ACU-
17/09/2021,6963.64,7027.48,7092.69,6941.69,1.63B,+AC0-0.91+ACU-
16/09/2021,7027.48,7016.49,7058.99,7016.32,667.61M,0.16+ACU-
15/09/2021,7016.49,7034.06,7047.27,7016.49,772.56M,+AC0-0.25+ACU-
14/09/2021,7034.06,7068.43,7068.45,7020.1,677.35M,+AC0-0.49+ACU-
13/09/2021,7068.43,7029.2,7090.81,7029.2,545.72M,0.56+ACU-
10/09/2021,7029.2,7024.21,7055.22,7014.42,492.66M,0.07+ACU-
09/09/2021,7024.21,7095.53,7095.53,6998.62,695.39M,+AC0-1.01+ACU-
08/09/2021,7095.53,7149.37,7149.37,7061.13,567.99M,+AC0-0.75+ACU-
07/09/2021,7149.37,7187.18,7187.18,7147.94,466.82M,+AC0-0.53+ACU-
06/09/2021,7187.18,7138.35,7195.62,7138.35,300.46M,0.68+ACU-
03/09/2021,7138.35,7163.9,7182.23,7123.87,499.09M,+AC0-0.36+ACU-
02/09/2021,7163.9,7149.84,7168.78,7129.71,536.01M,0.20+ACU-
01/09/2021,7149.84,7119.7,7187.34,7119.7,522.90M,0.42+ACU-
31/08/2021,7119.7,7148.01,7160.49,7092.03,1.00B,+AC0-0.40+ACU-
27/08/2021,7148.01,7124.98,7157.6,7108.53,425.08M,0.32+ACU-
26/08/2021,7124.98,7150.12,7150.12,7095.43,391.71M,+AC0-0.35+ACU-
25/08/2021,7150.12,7125.78,7151.75,7121.29,510.48M,0.34+ACU-
24/08/2021,7125.78,7109.02,7129.66,7076.06,582.75M,0.24+ACU-
23/08/2021,7109.02,7087.9,7147.8,7087.9,493.20M,0.30+ACU-
20/08/2021,7087.9,7058.86,7095.61,7032.45,549.55M,0.41+ACU-
19/08/2021,7058.86,7169.32,7169.32,6993.06,602.76M,+AC0-1.54+ACU-
18/08/2021,7169.32,7181.11,7198.79,7143.55,792.00M,+AC0-0.16+ACU-
17/08/2021,7181.11,7153.98,7188.55,7118.67,573.60M,0.38+ACU-
16/08/2021,7153.98,7218.71,7218.71,7117.78,522.26M,+AC0-0.90+ACU-
13/08/2021,7218.71,7193.23,7224.46,7193.13,501.18M,0.35+ACU-
12/08/2021,7193.23,7220.14,7220.7,7182.92,574.94M,+AC0-0.37+ACU-
11/08/2021,7220.14,7161.04,7220.14,7157.74,536.44M,0.83+ACU-
10/08/2021,7161.04,7132.3,7166.67,7115.87,559.14M,0.40+ACU-
09/08/2021,7132.3,7122.95,7138.8,7089.74,525.14M,0.13+ACU-
06/08/2021,7122.95,7120.43,7135.39,7103.71,677.36M,0.04+ACU-
05/08/2021,7120.43,7123.86,7130.35,7099.03,814.80M,+AC0-0.05+ACU-
04/08/2021,7123.86,7105.72,7142.54,7105.72,618.71M,0.26+ACU-
03/08/2021,7105.72,7081.72,7119.19,7074.32,613.95M,0.34+ACU-
02/08/2021,7081.72,7032.3,7111.66,7032.3,519.68M,0.70+ACU-
30/07/2021,7032.3,7078.42,7078.42,6996.93,674.95M,+AC0-0.65+ACU-
29/07/2021,7078.42,7016.63,7093.93,7008.65,789.49M,0.88+ACU-
28/07/2021,7016.63,6996.08,7023.35,6974.8,595.32M,0.29+ACU-
27/07/2021,6996.08,7025.43,7028.37,6929.64,515.48M,+AC0-0.42+ACU-
26/07/2021,7025.43,7027.58,7038.65,6980.67,524.70M,+AC0-0.03+ACU-
23/07/2021,7027.58,6968.3,7033.27,6968.3,461.68M,0.85+ACU-
22/07/2021,6968.3,6998.28,7018.95,6956.24,497.51M,+AC0-0.43+ACU-
21/07/2021,6998.28,6881.13,7007.75,6881.13,784.90M,1.70+ACU-
20/07/2021,6881.13,6844.39,6929.89,6827.26,941.99M,0.54+ACU-
19/07/2021,6844.39,7008.09,7008.09,6813.03,817.24M,+AC0-2.34+ACU-
16/07/2021,7008.09,7012.02,7056.73,6978.06,617.56M,+AC0-0.06+ACU-
15/07/2021,7012.02,7091.19,7111.77,7005.02,612.97M,+AC0-1.12+ACU-
14/07/2021,7091.19,7124.72,7124.72,7073.59,565.38M,+AC0-0.47+ACU-
13/07/2021,7124.72,7125.42,7152.44,7116.26,613.84M,+AC0-0.01+ACU-
12/07/2021,7125.42,7121.88,7134.87,7066.2,484.70M,0.05+ACU-
09/07/2021,7121.88,7030.66,7121.88,7030.22,577.54M,1.30+ACU-
08/07/2021,7030.66,7151.02,7151.02,6981.57,741.08M,+AC0-1.68+ACU-
07/07/2021,7151.02,7100.88,7153.68,7100.88,573.30M,0.71+ACU-
06/07/2021,7100.88,7164.91,7170.6,7075.73,635.76M,+AC0-0.89+ACU-
05/07/2021,7164.91,7123.27,7168.03,7111.51,384.45M,0.58+ACU-
02/07/2021,7123.27,7125.16,7162.16,7110.3,494.81M,+AC0-0.03+ACU-
01/07/2021,7125.16,7037.47,7134.21,7037.47,631.27M,1.25+ACU-
30/06/2021,7037.47,7087.55,7100.71,7010.57,659.20M,+AC0-0.71+ACU-
29/06/2021,7087.55,7072.97,7120.77,7071.86,516.41M,0.21+ACU-
28/06/2021,7072.97,7136.07,7136.22,7071.95,682.53M,+AC0-0.88+ACU-
25/06/2021,7136.07,7109.97,7139.08,7109.79,609.04M,0.37+ACU-
24/06/2021,7109.97,7074.06,7119.41,7070.9,726.33M,0.51+ACU-
23/06/2021,7074.06,7090.01,7129.4,7074.06,567.37M,+AC0-0.22+ACU-
22/06/2021,7090.01,7062.29,7098.67,7061.13,522.52M,0.39+ACU-
21/06/2021,7062.29,7017.47,7065.05,6948.63,820.50M,0.64+ACU-
18/06/2021,7017.47,7153.43,7154.63,7008.74,1.56B,+AC0-1.90+ACU-
17/06/2021,7153.43,7184.95,7184.95,7132.96,724.68M,+AC0-0.44+ACU-
16/06/2021,7184.95,7172.48,7217.54,7169.21,722.08M,0.17+ACU-
15/06/2021,7172.48,7146.68,7189.63,7142.71,778.54M,0.36+ACU-
14/06/2021,7146.68,7134.06,7188.26,7131.79,551.24M,0.18+ACU-
11/06/2021,7134.06,7088.18,7140.7,7088.18,509.04M,0.65+ACU-
10/06/2021,7088.18,7081.01,7117.74,7080.02,574.89M,0.10+ACU-
09/06/2021,7081.01,7095.09,7095.72,7046.02,575.13M,+AC0-0.20+ACU-
08/06/2021,7095.09,7077.22,7120.73,7074.94,549.99M,0.25+ACU-
07/06/2021,7077.22,7069.04,7098.31,7042.19,963.10M,0.12+ACU-
04/06/2021,7069.04,7064.35,7071.81,7039.74,425.22M,0.07+ACU-
03/06/2021,7064.35,7108,7108.04,7013.85,617.18M,+AC0-0.61+ACU-
02/06/2021,7108,7080.46,7122.54,7074.06,570.34M,0.39+ACU-
01/06/2021,7080.46,7022.61,7118.03,7022.61,726.70M,0.82+ACU-
28/05/2021,7022.61,7019.67,7054.91,7019.58,786.61M,0.04+ACU-
27/05/2021,7019.67,7026.93,7044.01,7008.53,1.42B,+AC0-0.10+ACU-
26/05/2021,7026.93,7029.79,7050.88,6998.19,619.32M,+AC0-0.04+ACU-
25/05/2021,7029.79,7051.59,7067.6,7029.79,619.37M,+AC0-0.31+ACU-
24/05/2021,7051.59,7018.05,7054.63,7013.51,422.93M,0.48+ACU-
21/05/2021,7018.05,7019.79,7028.17,6973.31,803.61M,+AC0-0.02+ACU-
20/05/2021,7019.79,6950.2,7019.79,6926.85,626.00M,1.00+ACU-
19/05/2021,6950.2,7034.24,7034.24,6897.06,729.25M,+AC0-1.19+ACU-
18/05/2021,7034.24,7032.85,7102.57,7030.37,736.33M,0.02+ACU-
17/05/2021,7032.85,7043.61,7066.76,6989.11,582.73M,+AC0-0.15+ACU-
14/05/2021,7043.61,6963.33,7048.67,6963.33,845.95M,1.15+ACU-
13/05/2021,6963.33,7004.63,7004.63,6823.6,660.81M,+AC0-0.59+ACU-
12/05/2021,7004.63,6947.99,7028.1,6945.33,743.55M,0.82+ACU-
11/05/2021,6947.99,7123.68,7123.68,6912.36,931.23M,+AC0-2.47+ACU-
10/05/2021,7123.68,7129.71,7164.18,7104.4,742.07M,+AC0-0.08+ACU-
07/05/2021,7129.71,7076.17,7143.46,7076.17,624.30M,0.76+ACU-
06/05/2021,7076.17,7039.3,7076.17,7026.75,764.40M,0.52+ACU-
05/05/2021,7039.3,6923.17,7047.75,6923.17,734.98M,1.68+ACU-
04/05/2021,6923.17,6969.81,7034.26,6912.28,911.98M,+AC0-0.67+ACU-
30/04/2021,6969.81,6961.48,7009.47,6946.04,831.63M,0.12+ACU-
29/04/2021,6961.48,6963.67,7019.76,6953.87,657.93M,+AC0-0.03+ACU-
28/04/2021,6963.67,6944.97,6986.7,6944.06,990.23M,0.27+ACU-
27/04/2021,6944.97,6963.12,6975.07,6929.77,657.41M,+AC0-0.26+ACU-
26/04/2021,6963.12,6938.56,6971.52,6913.39,511.63M,0.35+ACU-
23/04/2021,6938.56,6938.24,6938.56,6891.75,535.29M,0.00+ACU-
22/04/2021,6938.24,6895.29,6941.11,6889.32,647.00M,0.62+ACU-
21/04/2021,6895.29,6859.87,6914.88,6859.61,659.74M,0.52+ACU-
20/04/2021,6859.87,7000.08,7001.27,6857.07,825.25M,+AC0-2.00+ACU-
19/04/2021,7000.08,7019.53,7040.26,6979.23,529.71M,+AC0-0.28+ACU-
16/04/2021,7019.53,6983.5,7037.65,6983.5,742.51M,0.52+ACU-
15/04/2021,6983.5,6939.58,6994.9,6939.26,651.28M,0.63+ACU-
14/04/2021,6939.58,6890.49,6942.33,6880.67,596.77M,0.71+ACU-
13/04/2021,6890.49,6889.12,6895.13,6859.72,572.41M,0.02+ACU-
12/04/2021,6889.12,6915.75,6916.08,6853.75,639.36M,+AC0-0.39+ACU-
09/04/2021,6915.75,6942.22,6949.56,6906.37,615.05M,+AC0-0.38+ACU-
08/04/2021,6942.22,6885.32,6942.22,6884.79,788.61M,0.83+ACU-
07/04/2021,6885.32,6823.55,6898.38,6823.55,708.27M,0.91+ACU-
06/04/2021,6823.55,6737.3,6843.73,6737.3,773.87M,1.28+ACU-
01/04/2021,6737.3,6713.63,6766.52,6713.63,592.33M,0.35+ACU-
31/03/2021,6713.63,6772.12,6775.67,6713.63,854.82M,+AC0-0.86+ACU-
30/03/2021,6772.12,6736.17,6792.23,6729.46,664.39M,0.53+ACU-
29/03/2021,6736.17,6740.59,6758.78,6705.42,624.49M,+AC0-0.07+ACU-
26/03/2021,6740.59,6674.83,6742.14,6674.83,742.30M,0.99+ACU-
25/03/2021,6674.83,6712.89,6729.92,6618.61,768.54M,+AC0-0.57+ACU-
24/03/2021,6712.89,6699.19,6722.61,6649.37,928.13M,0.20+ACU-
23/03/2021,6699.19,6726.1,6726.1,6664.76,860.30M,+AC0-0.40+ACU-
22/03/2021,6726.1,6708.71,6732.67,6650.96,752.39M,0.26+ACU-
19/03/2021,6708.71,6779.68,6779.68,6664.56,1.82B,+AC0-1.05+ACU-
18/03/2021,6779.68,6762.67,6791.76,6740.53,825.20M,0.25+ACU-
17/03/2021,6762.67,6803.61,6805.73,6753.82,834.82M,+AC0-0.60+ACU-
16/03/2021,6803.61,6749.7,6812.78,6749.64,849.48M,0.80+ACU-
15/03/2021,6749.7,6761.47,6804.91,6723.67,670.77M,+AC0-0.17+ACU-
12/03/2021,6761.47,6736.96,6766.44,6709,706.13M,0.36+ACU-
11/03/2021,6736.96,6725.6,6755.32,6699.34,714.71M,0.17+ACU-
10/03/2021,6725.6,6730.34,6740.77,6677.02,725.80M,+AC0-0.07+ACU-
09/03/2021,6730.34,6719.13,6786.8,6689.9,952.95M,0.17+ACU-
08/03/2021,6719.13,6630.52,6726.4,6612.74,972.76M,1.34+ACU-
05/03/2021,6630.52,6650.88,6710.8,6560.79,1.03B,+AC0-0.31+ACU-
04/03/2021,6650.88,6675.47,6675.47,6581.19,938.81M,+AC0-0.37+ACU-
03/03/2021,6675.47,6613.75,6705.3,6613.75,937.33M,0.93+ACU-
02/03/2021,6613.75,6588.53,6660.82,6560.91,682.61M,0.38+ACU-
01/03/2021,6588.53,6483.43,6612.74,6483.43,708.30M,1.62+ACU-
26/02/2021,6483.43,6651.96,6651.96,6465.57,1.28B,+AC0-2.53+ACU-
25/02/2021,6651.96,6658.97,6702.88,6644.68,852.47M,+AC0-0.11+ACU-
24/02/2021,6658.97,6625.94,6669.86,6572.28,1.14B,0.50+ACU-
23/02/2021,6625.94,6612.24,6675.42,6555.88,1.15B,0.21+ACU-
22/02/2021,6612.24,6624.02,6624.71,6545.93,846.35M,+AC0-0.18+ACU-
19/02/2021,6624.02,6617.15,6646.16,6600.59,963.92M,0.10+ACU-
18/02/2021,6617.15,6710.9,6721.76,6591.43,846.71M,+AC0-1.40+ACU-
17/02/2021,6710.9,6748.86,6760.29,6701.59,755.36M,+AC0-0.56+ACU-
16/02/2021,6748.86,6756.11,6799.92,6736.85,817.27M,+AC0-0.11+ACU-
15/02/2021,6756.11,6589.79,6775.37,6589.79,817.31M,2.52+ACU-
12/02/2021,6589.79,6528.72,6589.79,6485.13,490.54M,0.94+ACU-
11/02/2021,6528.72,6524.36,6554.15,6514.92,673.19M,0.07+ACU-
10/02/2021,6524.36,6531.56,6577,6481.02,782.04M,+AC0-0.11+ACU-
09/02/2021,6531.56,6523.53,6540.97,6501.02,544.65M,0.12+ACU-
08/02/2021,6523.53,6489.33,6567.7,6489.33,776.32M,0.53+ACU-
05/02/2021,6489.33,6503.72,6518.65,6457.6,984.40M,+AC0-0.22+ACU-
04/02/2021,6503.72,6507.82,6553.37,6478.15,989.92M,+AC0-0.06+ACU-
03/02/2021,6507.82,6516.65,6573.1,6489.51,717.52M,+AC0-0.14+ACU-
02/02/2021,6516.65,6466.42,6523.51,6466.42,719.05M,0.78+ACU-
01/02/2021,6466.42,6407.46,6495.56,6407.46,746.04M,0.92+ACU-
29/01/2021,6407.46,6526.15,6526.15,6397.24,870.67M,+AC0-1.82+ACU-
28/01/2021,6526.15,6567.37,6567.37,6439.55,865.83M,+AC0-0.63+ACU-
27/01/2021,6567.37,6654.01,6661.31,6505.84,982.45M,+AC0-1.30+ACU-
26/01/2021,6654.01,6638.85,6702.35,6636.34,683.49M,0.23+ACU-
25/01/2021,6638.85,6695.07,6714.61,6610.26,761.26M,+AC0-0.84+ACU-
22/01/2021,6695.07,6715.42,6715.66,6651.71,693.96M,+AC0-0.30+ACU-
21/01/2021,6715.42,6740.39,6776.92,6715.42,612.55M,+AC0-0.37+ACU-
20/01/2021,6740.39,6712.95,6751.81,6697.46,687.50M,0.41+ACU-
19/01/2021,6712.95,6720.65,6770.66,6697.67,618.15M,+AC0-0.11+ACU-
18/01/2021,6720.65,6735.71,6741.47,6709.33,359.83M,+AC0-0.22+ACU-
15/01/2021,6735.71,6801.96,6802.05,6676.55,740.67M,+AC0-0.97+ACU-
14/01/2021,6801.96,6745.52,6801.96,6736.78,674.89M,0.84+ACU-
13/01/2021,6745.52,6754.11,6772.57,6736.01,619.31M,+AC0-0.13+ACU-
12/01/2021,6754.11,6798.48,6816.65,6738.21,648.16M,+AC0-0.65+ACU-
11/01/2021,6798.48,6873.26,6873.26,6768.72,707.80M,+AC0-1.09+ACU-
08/01/2021,6873.26,6856.96,6886.34,6836.08,850.78M,0.24+ACU-
07/01/2021,6856.96,6841.86,6903.61,6795.11,939.65M,0.22+ACU-
06/01/2021,6841.86,6612.25,6859.14,6611.87,1.25B,3.47+ACU-
05/01/2021,6612.25,6571.88,6622.77,6544.25,718.95M,0.61+ACU-
04/01/2021,6571.88,6460.52,6662.66,6460.52,957.24M,1.72+ACU-
31/12/2020,6460.52,6555.82,6555.82,6439.41,316.94M,+AC0-1.45+ACU-
30/12/2020,6555.82,6602.65,6622.98,6552.46,425.49M,+AC0-0.71+ACU-
29/12/2020,6602.65,6502.11,6676.6,6502.11,823.98M,1.55+ACU-
24/12/2020,6502.11,6495.75,6530.28,6479.59,477.47M,0.10+ACU-
23/12/2020,6495.75,6453.16,6497.28,6431.21,781.64M,0.66+ACU-
22/12/2020,6453.16,6416.32,6457.47,6382.61,613.67M,0.57+ACU-
21/12/2020,6416.32,6529.18,6529.18,6315.34,1.11B,+AC0-1.73+ACU-
18/12/2020,6529.18,6551.06,6604.54,6518.25,1.20B,+AC0-0.33+ACU-
17/12/2020,6551.06,6570.91,6601.63,6551.06,725.53M,+AC0-0.30+ACU-
16/12/2020,6570.91,6513.32,6598.42,6513.32,860.33M,0.88+ACU-
15/12/2020,6513.32,6531.83,6558.24,6484.04,737.40M,+AC0-0.28+ACU-
14/12/2020,6531.83,6546.75,6583.7,6524.7,870.27M,+AC0-0.23+ACU-
11/12/2020,6546.75,6599.76,6607.44,6520.54,1.07B,+AC0-0.80+ACU-
10/12/2020,6599.76,6564.29,6640.74,6561.11,1.11B,0.54+ACU-
09/12/2020,6564.29,6558.82,6623.03,6558.82,769.12M,0.08+ACU-
08/12/2020,6558.82,6555.39,6567.59,6518.37,757.85M,0.05+ACU-
07/12/2020,6555.39,6550.23,6601.11,6519.82,1.05B,0.08+ACU-
04/12/2020,6550.23,6490.27,6559.18,6489.75,1.07B,0.92+ACU-
03/12/2020,6490.27,6463.39,6491.49,6430.27,943.21M,0.42+ACU-
02/12/2020,6463.39,6384.73,6468.64,6367.51,936.84M,1.23+ACU-
01/12/2020,6384.73,6266.19,6400.24,6263.6,839.85M,1.89+ACU-
30/11/2020,6266.19,6367.58,6404.02,6266.19,1.36B,+AC0-1.59+ACU-
27/11/2020,6367.58,6362.93,6375.91,6302.22,1.44B,0.07+ACU-
26/11/2020,6362.93,6391.09,6412.65,6349.53,735.75M,+AC0-0.44+ACU-
25/11/2020,6391.09,6432.17,6468.73,6375.25,1.13B,+AC0-0.64+ACU-
24/11/2020,6432.17,6333.84,6432.42,6333.72,1.30B,1.55+ACU-
23/11/2020,6333.84,6351.45,6392.08,6325.24,943.54M,+AC0-0.28+ACU-
20/11/2020,6351.45,6334.35,6386.7,6324.6,821.11M,0.27+ACU-
19/11/2020,6334.35,6385.24,6385.24,6314.26,919.87M,+AC0-0.80+ACU-
18/11/2020,6385.24,6365.33,6395.91,6326.74,979.74M,0.31+ACU-
17/11/2020,6365.33,6421.29,6424.53,6308.99,1.23B,+AC0-0.87+ACU-
16/11/2020,6421.29,6316.39,6463.51,6316.39,1.29B,1.66+ACU-
13/11/2020,6316.39,6338.94,6338.97,6280.4,960.71M,+AC0-0.36+ACU-
12/11/2020,6338.94,6382.1,6382.1,6295.79,1.01B,+AC0-0.68+ACU-
11/11/2020,6382.1,6296.85,6397.28,6293.21,1.28B,1.35+ACU-
10/11/2020,6296.85,6186.29,6307,6180.47,1.71B,1.79+ACU-
09/11/2020,6186.29,5910.02,6258.31,5910.02,2.07B,4.67+ACU-
06/11/2020,5910.02,5906.18,5950.22,5858.48,848.48M,0.07+ACU-
05/11/2020,5906.18,5883.26,5933.05,5881.87,900.00M,0.39+ACU-
04/11/2020,5883.26,5786.77,5885.67,5711.21,781.52M,1.67+ACU-
03/11/2020,5786.77,5654.97,5787.61,5654.97,803.79M,2.33+ACU-
02/11/2020,5654.97,5577.27,5665.3,5554.73,755.07M,1.39+ACU-
30/10/2020,5577.27,5581.75,5593.4,5534.08,823.61M,+AC0-0.08+ACU-
29/10/2020,5581.75,5582.8,5616.58,5534.66,964.96M,+AC0-0.02+ACU-
28/10/2020,5582.8,5728.99,5728.99,5525.52,1.11B,+AC0-2.55+ACU-
27/10/2020,5728.99,5792.01,5806.23,5728.18,756.73M,+AC0-1.09+ACU-
26/10/2020,5792.01,5860.28,5868.36,5782.37,870.05M,+AC0-1.16+ACU-
23/10/2020,5860.28,5785.65,5885.38,5781.78,852.80M,1.29+ACU-
22/10/2020,5785.65,5776.5,5796.44,5716.4,664.92M,0.16+ACU-
21/10/2020,5776.5,5889.22,5903.38,5769.62,632.35M,+AC0-1.91+ACU-
20/10/2020,5889.22,5884.65,5915.47,5861.81,576.52M,0.08+ACU-
19/10/2020,5884.65,5919.58,5959.67,5871.95,522.72M,+AC0-0.59+ACU-
16/10/2020,5919.58,5832.52,5933.81,5832.52,669.81M,1.49+ACU-
15/10/2020,5832.52,5935.06,5935.06,5786.2,665.02M,+AC0-1.73+ACU-
14/10/2020,5935.06,5969.71,6009.81,5926.49,612.91M,+AC0-0.58+ACU-
13/10/2020,5969.71,6001.38,6008.04,5949.97,786.88M,+AC0-0.53+ACU-
12/10/2020,6001.38,6016.65,6037.08,5995.11,600.96M,+AC0-0.25+ACU-
09/10/2020,6016.65,5978.03,6040.47,5978.03,676.78M,0.65+ACU-
08/10/2020,5978.03,5946.25,6004.15,5929.41,741.67M,0.53+ACU-
07/10/2020,5946.25,5949.94,5977.15,5929.16,761.63M,+AC0-0.06+ACU-
06/10/2020,5949.94,5942.94,5971.48,5903.4,911.38M,0.12+ACU-
05/10/2020,5942.94,5902.12,5974.22,5902.12,637.08M,0.69+ACU-
02/10/2020,5902.12,5879.45,5902.12,5809.61,701.24M,0.39+ACU-
01/10/2020,5879.45,5866.1,5925.77,5849.82,729.25M,0.23+ACU-
30/09/2020,5866.1,5897.5,5931.37,5854.46,831.98M,+AC0-0.53+ACU-
29/09/2020,5897.5,5927.93,5927.93,5862.93,677.62M,+AC0-0.51+ACU-
28/09/2020,5927.93,5842.67,5954.42,5842.67,915.07M,1.46+ACU-
25/09/2020,5842.67,5822.78,5843.72,5771.49,742.75M,0.34+ACU-
24/09/2020,5822.78,5899.26,5899.26,5805.28,707.13M,+AC0-1.30+ACU-
23/09/2020,5899.26,5829.46,5974.88,5829.46,745.61M,1.20+ACU-
22/09/2020,5829.46,5804.29,5871.28,5794.54,793.99M,0.43+ACU-
21/09/2020,5804.29,6007.05,6007.05,5779.24,989.72M,+AC0-3.38+ACU-
18/09/2020,6007.05,6049.92,6055.24,6006.28,1.61B,+AC0-0.71+ACU-
17/09/2020,6049.92,6078.48,6078.48,5998.69,614.99M,+AC0-0.47+ACU-
16/09/2020,6078.48,6105.54,6119.24,6057.63,712.22M,+AC0-0.44+ACU-
15/09/2020,6105.54,6026.25,6123.69,6026.17,682.66M,1.32+ACU-
14/09/2020,6026.25,6032.09,6080.02,6011.83,599.03M,+AC0-0.10+ACU-
11/09/2020,6032.09,6003.32,6057.69,5992.93,532.21M,0.48+ACU-
10/09/2020,6003.32,6012.84,6028.76,5950.62,602.95M,+AC0-0.16+ACU-
09/09/2020,6012.84,5930.3,6031.25,5923.43,670.41M,1.39+ACU-
08/09/2020,5930.3,5937.4,5985.26,5868.87,740.82M,+AC0-0.12+ACU-
07/09/2020,5937.4,5799.08,5946.93,5798.47,542.56M,2.39+ACU-
04/09/2020,5799.08,5850.86,5904.16,5778.4,672.21M,+AC0-0.88+ACU-
03/09/2020,5850.86,5940.95,5996.24,5838.02,698.95M,+AC0-1.52+ACU-
02/09/2020,5940.95,5862.05,5974.7,5862.05,670.60M,1.35+ACU-
01/09/2020,5862.05,5963.57,5972.52,5824.04,1.04B,+AC0-1.70+ACU-
28/08/2020,5963.57,5999.99,6033.04,5962.46,917.31M,+AC0-0.61+ACU-
27/08/2020,5999.99,6045.6,6062.52,5999.99,496.43M,+AC0-0.75+ACU-
26/08/2020,6045.6,6037.01,6050.81,5992.22,405.66M,0.14+ACU-
25/08/2020,6037.01,6104.73,6173.48,6032.1,538.99M,+AC0-1.11+ACU-
24/08/2020,6104.73,6001.89,6119.8,6001.89,452.72M,1.71+ACU-
21/08/2020,6001.89,6013.34,6036.51,5948.8,545.21M,+AC0-0.19+ACU-
20/08/2020,6013.34,6111.98,6111.98,6009.61,505.17M,+AC0-1.61+ACU-
19/08/2020,6111.98,6076.62,6114.83,6045,425.04M,0.58+ACU-
18/08/2020,6076.62,6127.44,6162.66,6062.58,502.24M,+AC0-0.83+ACU-
17/08/2020,6127.44,6090.04,6140.19,6061.46,499.81M,0.61+ACU-
14/08/2020,6090.04,6185.62,6185.62,6036.13,513.44M,+AC0-1.55+ACU-
13/08/2020,6185.62,6280.12,6280.12,6185.62,515.77M,+AC0-1.50+ACU-
12/08/2020,6280.12,6154.34,6297.2,6151.64,680.85M,2.04+ACU-
11/08/2020,6154.34,6050.59,6206,6050.59,758.79M,1.71+ACU-
10/08/2020,6050.59,6032.18,6099.48,6028.49,558.06M,0.31+ACU-
07/08/2020,6032.18,6026.94,6046.02,5996.73,540.97M,0.09+ACU-
06/08/2020,6026.94,6104.72,6104.72,5980.44,629.09M,+AC0-1.27+ACU-
05/08/2020,6104.72,6036,6111.5,6036,715.56M,1.14+ACU-
04/08/2020,6036,6032.85,6056.47,5986.77,766.67M,0.05+ACU-
03/08/2020,6032.85,5897.76,6038.76,5857.06,948.54M,2.29+ACU-
31/07/2020,5897.76,5989.99,6046.33,5897.76,1.01B,+AC0-1.54+ACU-
30/07/2020,5989.99,6131.46,6145.83,5924.7,1.23B,+AC0-2.31+ACU-
29/07/2020,6131.46,6129.26,6155.06,6116.72,718.09M,0.04+ACU-
28/07/2020,6129.26,6104.88,6149.86,6083.65,612.57M,0.40+ACU-
27/07/2020,6104.88,6123.82,6127.62,6086.64,704.38M,+AC0-0.31+ACU-
24/07/2020,6123.82,6211.44,6211.44,6099.06,679.82M,+AC0-1.41+ACU-
23/07/2020,6211.44,6207.1,6273.63,6202.9,605.74M,0.07+ACU-
22/07/2020,6207.1,6269.73,6270.96,6197.45,745.24M,+AC0-1.00+ACU-
21/07/2020,6269.73,6261.52,6315.68,6253.9,753.53M,0.13+ACU-
20/07/2020,6261.52,6290.3,6297.64,6222.15,494.26M,+AC0-0.46+ACU-
17/07/2020,6290.3,6250.69,6293.68,6230.01,687.10M,0.63+ACU-
16/07/2020,6250.69,6292.65,6296.78,6227.33,521.66M,+AC0-0.67+ACU-
15/07/2020,6292.65,6179.75,6323.55,6179.75,747.30M,1.83+ACU-
14/07/2020,6179.75,6176.19,6179.75,6093.23,717.55M,0.06+ACU-
13/07/2020,6176.19,6095.41,6187.33,6095.41,603.07M,1.33+ACU-
10/07/2020,6095.41,6049.62,6108.2,6003.19,684.87M,0.76+ACU-
09/07/2020,6049.62,6156.16,6176.84,6040.26,670.97M,+AC0-1.73+ACU-
08/07/2020,6156.16,6189.9,6208.43,6144.52,625.80M,+AC0-0.55+ACU-
07/07/2020,6189.9,6285.94,6285.94,6179.97,600.36M,+AC0-1.53+ACU-
06/07/2020,6285.94,6157.3,6304.19,6157.3,696.67M,2.09+ACU-
03/07/2020,6157.3,6240.36,6262.71,6137.09,504.57M,+AC0-1.33+ACU-
02/07/2020,6240.36,6157.96,6258.6,6157.96,806.19M,1.34+ACU-
01/07/2020,6157.96,6169.74,6201.95,6084.48,724.50M,+AC0-0.19+ACU-
30/06/2020,6169.74,6225.77,6237.51,6146.98,827.28M,+AC0-0.90+ACU-
29/06/2020,6225.77,6159.3,6251.96,6122.95,720.43M,1.08+ACU-
26/06/2020,6159.3,6147.14,6262.13,6147.14,698.91M,0.20+ACU-
25/06/2020,6147.14,6123.69,6162.44,6029.25,770.24M,0.38+ACU-
24/06/2020,6123.69,6320.12,6320.12,6123.69,768.66M,+AC0-3.11+ACU-
23/06/2020,6320.12,6244.62,6342.19,6244.62,685.33M,1.21+ACU-
22/06/2020,6244.62,6292.6,6309.04,6225.53,793.21M,+AC0-0.76+ACU-
19/06/2020,6292.6,6224.07,6319.81,6224.07,1.68B,1.10+ACU-
18/06/2020,6224.07,6253.25,6284.96,6184.88,782.89M,+AC0-0.47+ACU-
17/06/2020,6253.25,6242.79,6309.74,6233.24,863.31M,0.17+ACU-
16/06/2020,6242.79,6064.7,6299.02,6064.7,1.03B,2.94+ACU-
15/06/2020,6064.7,6105.18,6105.18,5952.44,835.34M,+AC0-0.66+ACU-
12/06/2020,6105.18,6076.7,6184.29,5993.2,1.06B,0.47+ACU-
11/06/2020,6076.7,6329.13,6329.13,6076.7,1.12B,+AC0-3.99+ACU-
10/06/2020,6329.13,6335.72,6387.35,6293.83,1.12B,+AC0-0.10+ACU-
09/06/2020,6335.72,6472.59,6475.01,6325.07,1.29B,+AC0-2.11+ACU-
08/06/2020,6472.59,6484.3,6511.84,6423.06,1.30B,+AC0-0.18+ACU-
05/06/2020,6484.3,6341.44,6489.99,6341.44,1.40B,2.25+ACU-
04/06/2020,6341.44,6382.41,6402.57,6314.59,1.04B,+AC0-0.64+ACU-
03/06/2020,6382.41,6220.14,6394.7,6220.14,1.23B,2.61+ACU-
02/06/2020,6220.14,6166.42,6238.25,6165.05,1.19B,0.87+ACU-
01/06/2020,6166.42,6076.6,6179.34,6076.6,739.93M,1.48+ACU-
29/05/2020,6076.6,6218.79,6218.79,6060.16,2.25B,+AC0-2.29+ACU-
28/05/2020,6218.79,6144.25,6234.04,6144.25,1.21B,1.21+ACU-
27/05/2020,6144.25,6067.76,6167.96,6067.76,1.54B,1.26+ACU-
26/05/2020,6067.76,5993.28,6130.12,5993.28,1.25B,1.24+ACU-
22/05/2020,5993.28,6015.25,6015.25,5888.58,985.50M,+AC0-0.37+ACU-
21/05/2020,6015.25,6067.16,6093.74,6004.1,1.01B,+AC0-0.86+ACU-
20/05/2020,6067.16,6002.23,6074.46,5961.56,925.38M,1.08+ACU-
19/05/2020,6002.23,6048.59,6111.96,5965.1,1.00B,+AC0-0.77+ACU-
18/05/2020,6048.59,5799.77,6058.17,5799.61,930.32M,4.29+ACU-
15/05/2020,5799.77,5741.54,5837.88,5741.54,927.43M,1.01+ACU-
14/05/2020,5741.54,5904.05,5904.05,5661.14,1.15B,+AC0-2.75+ACU-
13/05/2020,5904.05,5994.77,5994.77,5893.35,1.06B,+AC0-1.51+ACU-
12/05/2020,5994.77,5939.73,6012.98,5911.37,939.77M,0.93+ACU-
11/05/2020,5939.73,5935.98,5999.13,5898.32,1.04B,0.06+ACU-
07/05/2020,5935.98,5853.76,5941.86,5853.6,965.87M,1.40+ACU-
06/05/2020,5853.76,5849.42,5897.44,5839.57,973.10M,0.07+ACU-
05/05/2020,5849.42,5753.78,5869.45,5753.78,968.60M,1.66+ACU-
04/05/2020,5753.78,5763.06,5792.85,5702.03,1.04B,+AC0-0.16+ACU-
01/05/2020,5763.06,5901.21,5901.21,5746.06,781.33M,+AC0-2.34+ACU-
30/04/2020,5901.21,6115.25,6151.58,5897.91,1.93B,+AC0-3.50+ACU-
29/04/2020,6115.25,5958.5,6129.6,5950.83,1.29B,2.63+ACU-
28/04/2020,5958.5,5846.79,5977.76,5835.92,1.20B,1.91+ACU-
27/04/2020,5846.79,5752.23,5855.61,5752.23,792.25M,1.64+ACU-
24/04/2020,5752.23,5826.61,5827.24,5728.8,807.87M,+AC0-1.28+ACU-
23/04/2020,5826.61,5770.63,5843.61,5735.93,882.12M,0.97+ACU-
22/04/2020,5770.63,5641.03,5777.06,5641.03,867.00M,2.30+ACU-
21/04/2020,5641.03,5812.83,5812.83,5641.03,888.66M,+AC0-2.96+ACU-
20/04/2020,5812.83,5786.96,5823.93,5707.73,822.61M,0.45+ACU-
17/04/2020,5786.96,5628.43,5839.33,5628.43,1.20B,2.82+ACU-
16/04/2020,5628.43,5597.65,5657.63,5577.78,1.07B,0.55+ACU-
15/04/2020,5597.65,5791.31,5791.71,5576.35,1.38B,+AC0-3.34+ACU-
14/04/2020,5791.31,5842.66,5894.71,5778.98,1.06B,+AC0-0.88+ACU-
09/04/2020,5842.66,5677.73,5842.66,5677.68,1.28B,2.90+ACU-
08/04/2020,5677.73,5704.45,5704.45,5589.73,1.10B,+AC0-0.47+ACU-
07/04/2020,5704.45,5582.39,5780.21,5582.39,1.56B,2.19+ACU-
06/04/2020,5582.39,5415.5,5590.58,5415.5,1.21B,3.08+ACU-
03/04/2020,5415.5,5480.22,5486.29,5396.66,1.18B,+AC0-1.18+ACU-
02/04/2020,5480.22,5454.57,5552.36,5395.07,1.55B,0.47+ACU-
01/04/2020,5454.57,5671.96,5671.96,5414.72,1.67B,+AC0-3.83+ACU-
31/03/2020,5671.96,5563.74,5702.66,5545.85,1.60B,1.95+ACU-
30/03/2020,5563.74,5510.33,5567.2,5351.84,1.13B,0.97+ACU-
27/03/2020,5510.33,5815.73,5815.73,5407.06,1.46B,+AC0-5.25+ACU-
26/03/2020,5815.73,5688.2,5815.73,5503.35,1.54B,2.24+ACU-
25/03/2020,5688.2,5446.01,5741.42,5400.47,1.86B,4.45+ACU-
24/03/2020,5446.01,4993.89,5446.01,4993.89,1.58B,9.05+ACU-
23/03/2020,4993.89,5190.78,5194.83,4922.76,1.63B,+AC0-3.79+ACU-
20/03/2020,5190.78,5151.61,5419.3,5151.61,2.59B,0.76+ACU-
19/03/2020,5151.61,5080.58,5181.04,4942.37,1.96B,1.40+ACU-
18/03/2020,5080.58,5294.9,5294.9,5006.2,1.84B,+AC0-4.05+ACU-
17/03/2020,5294.9,5151.08,5308.95,4978.84,1.94B,2.79+ACU-
16/03/2020,5151.08,5366.11,5366.11,4898.79,2.11B,+AC0-4.01+ACU-
13/03/2020,5366.11,5237.48,5696.48,5237.48,1.94B,2.46+ACU-
12/03/2020,5237.48,5876.52,5876.52,5237.48,2.21B,+AC0-10.87+ACU-
11/03/2020,5876.52,5960.23,6088.5,5860.75,1.51B,+AC0-1.40+ACU-
10/03/2020,5960.23,5965.77,6231.06,5927.85,1.73B,+AC0-0.09+ACU-
09/03/2020,5965.77,6462.55,6462.55,5891.56,2.10B,+AC0-7.69+ACU-
06/03/2020,6462.55,6705.43,6705.43,6431.44,1.38B,+AC0-3.62+ACU-
05/03/2020,6705.43,6815.59,6834.12,6662.61,1.15B,+AC0-1.62+ACU-
04/03/2020,6815.59,6718.2,6856.27,6700.23,1.12B,1.45+ACU-
03/03/2020,6718.2,6654.89,6846.28,6654.89,1.28B,0.95+ACU-
02/03/2020,6654.89,6580.61,6775.18,6496.01,1.76B,1.13+ACU-
28/02/2020,6580.61,6796.4,6796.4,6460.08,1.98B,+AC0-3.18+ACU-
27/02/2020,6796.4,7042.47,7042.47,6729.99,1.22B,+AC0-3.49+ACU-
26/02/2020,7042.47,7017.88,7044.66,6871.85,982.16M,0.35+ACU-
25/02/2020,7017.88,7156.83,7198.23,7004.94,976.46M,+AC0-1.94+ACU-
24/02/2020,7156.83,7403.92,7403.92,7114.45,1.08B,+AC0-3.34+ACU-
21/02/2020,7403.92,7436.64,7436.7,7370.63,872.32M,+AC0-0.44+ACU-
20/02/2020,7436.64,7457.02,7480.49,7436.64,779.37M,+AC0-0.27+ACU-
19/02/2020,7457.02,7382.01,7462.01,7382.01,602.97M,1.02+ACU-
18/02/2020,7382.01,7433.25,7433.25,7353.41,786.11M,+AC0-0.69+ACU-
17/02/2020,7433.25,7409.13,7449.95,7409.13,394.57M,0.33+ACU-
14/02/2020,7409.13,7452.03,7472.85,7403.69,629.85M,+AC0-0.58+ACU-
13/02/2020,7452.03,7534.37,7534.37,7406.94,820.27M,+AC0-1.09+ACU-
12/02/2020,7534.37,7499.44,7547.65,7499.01,573.04M,0.47+ACU-
11/02/2020,7499.44,7446.88,7529.54,7446.88,697.68M,0.71+ACU-
10/02/2020,7446.88,7466.7,7466.7,7427.85,597.28M,+AC0-0.27+ACU-
07/02/2020,7466.7,7504.79,7506.26,7441.14,705.97M,+AC0-0.51+ACU-
06/02/2020,7504.79,7482.48,7533.57,7482.48,673.95M,0.30+ACU-
05/02/2020,7482.48,7439.82,7512.41,7408.45,818.91M,0.57+ACU-
04/02/2020,7439.82,7326.31,7442.08,7326.31,696.70M,1.55+ACU-
03/02/2020,7326.31,7286.01,7359.98,7285.16,645.84M,0.55+ACU-
31/01/2020,7286.01,7381.96,7398.34,7275.03,714.04M,+AC0-1.30+ACU-
30/01/2020,7381.96,7483.57,7483.57,7357.62,684.60M,+AC0-1.36+ACU-
29/01/2020,7483.57,7480.69,7514.73,7462.21,524.38M,0.04+ACU-
28/01/2020,7480.69,7412.05,7491.44,7410.37,530.18M,0.93+ACU-
27/01/2020,7412.05,7585.98,7585.98,7392.83,679.45M,+AC0-2.29+ACU-
24/01/2020,7585.98,7507.67,7642.21,7507.59,605.76M,1.04+ACU-
23/01/2020,7507.67,7571.92,7572.13,7503.17,668.61M,+AC0-0.85+ACU-
22/01/2020,7571.92,7610.7,7637.35,7563.52,604.63M,+AC0-0.51+ACU-
21/01/2020,7610.7,7651.44,7651.44,7550.47,656.51M,+AC0-0.53+ACU-
20/01/2020,7651.44,7674.56,7682.77,7639.62,358.97M,+AC0-0.30+ACU-
17/01/2020,7674.56,7609.81,7689.67,7609.81,631.97M,0.85+ACU-
16/01/2020,7609.81,7642.8,7653.58,7595.31,573.56M,+AC0-0.43+ACU-
15/01/2020,7642.8,7622.35,7642.8,7609.44,730.57M,0.27+ACU-
14/01/2020,7622.35,7617.6,7650.69,7588.81,697.64M,0.06+ACU-
13/01/2020,7617.6,7587.85,7635.77,7582.51,657.73M,0.39+ACU-
10/01/2020,7587.85,7598.12,7631.96,7585.07,651.31M,+AC0-0.14+ACU-
09/01/2020,7598.12,7574.93,7627.76,7574.93,652.92M,0.31+ACU-
08/01/2020,7574.93,7573.85,7579.48,7524.96,606.22M,0.01+ACU-
07/01/2020,7573.85,7575.34,7604.59,7562.14,511.56M,+AC0-0.02+ACU-
06/01/2020,7575.34,7622.4,7622.4,7528.08,516.78M,+AC0-0.62+ACU-
03/01/2020,7622.4,7604.3,7626.41,7551,449.69M,0.24+ACU-
02/01/2020,7604.3,7542.44,7624.78,7542.44,482.21M,0.82+ACU-
31/12/2019,7542.44,7587.05,7587.41,7532.38,212.14M,+AC0-0.59+ACU-
30/12/2019,7587.05,7644.9,7644.9,7587.05,304.24M,+AC0-0.76+ACU-
27/12/2019,7644.9,7632.24,7665.4,7622.46,311.11M,0.17+ACU-
24/12/2019,7632.24,7623.59,7636.16,7608.22,185.67M,0.11+ACU-
23/12/2019,7623.59,7582.48,7628.2,7559.63,539.14M,0.54+ACU-
20/12/2019,7582.48,7573.82,7599.52,7564.59,1.16B,0.11+ACU-
19/12/2019,7573.82,7540.75,7575.9,7526.1,661.08M,0.44+ACU-
18/12/2019,7540.75,7525.28,7557.05,7515.17,679.28M,0.21+ACU-
17/12/2019,7525.28,7519.05,7537.66,7497.15,1.10B,0.08+ACU-
16/12/2019,7519.05,7353.44,7552.65,7353.18,1.05B,2.25+ACU-
13/12/2019,7353.44,7273.47,7429.04,7223.42,1.91B,1.10+ACU-
12/12/2019,7273.47,7216.25,7307.36,7216.08,727.08M,0.79+ACU-
11/12/2019,7216.25,7213.76,7250.67,7195.49,820.83M,0.03+ACU-
10/12/2019,7213.76,7233.9,7234.4,7137.84,703.52M,+AC0-0.28+ACU-
09/12/2019,7233.9,7239.66,7255.73,7217.8,619.39M,+AC0-0.08+ACU-
06/12/2019,7239.66,7137.85,7241.5,7137.85,516.37M,1.43+ACU-
05/12/2019,7137.85,7188.5,7194.78,7131.16,650.61M,+AC0-0.70+ACU-
04/12/2019,7188.5,7158.76,7190.04,7139.91,688.01M,0.42+ACU-
03/12/2019,7158.76,7285.94,7285.94,7134.93,822.94M,+AC0-1.75+ACU-
02/12/2019,7285.94,7346.53,7400.27,7277.02,924.43M,+AC0-0.82+ACU-
29/11/2019,7346.53,7416.43,7421.4,7346.53,627.33M,+AC0-0.94+ACU-
28/11/2019,7416.43,7429.78,7429.78,7385.32,605.36M,+AC0-0.18+ACU-
27/11/2019,7429.78,7403.14,7446,7400.38,625.05M,0.36+ACU-
26/11/2019,7403.14,7396.29,7421.3,7384.96,1.05B,0.09+ACU-
25/11/2019,7396.29,7326.81,7401.78,7326.81,570.98M,0.95+ACU-
22/11/2019,7326.81,7238.55,7343.26,7238.47,611.24M,1.22+ACU-
21/11/2019,7238.55,7262.49,7262.49,7197.33,608.18M,+AC0-0.33+ACU-
20/11/2019,7262.49,7323.8,7323.8,7219.11,814.23M,+AC0-0.84+ACU-
19/11/2019,7323.8,7307.7,7404.47,7307.7,605.67M,0.22+ACU-
18/11/2019,7307.7,7302.94,7335.36,7293.4,764.23M,0.07+ACU-
15/11/2019,7302.94,7292.76,7335.55,7243.15,770.47M,0.14+ACU-
14/11/2019,7292.76,7351.21,7351.28,7292.76,675.22M,+AC0-0.80+ACU-
13/11/2019,7351.21,7365.44,7365.44,7301.71,694.52M,+AC0-0.19+ACU-
12/11/2019,7365.44,7328.54,7390,7328.18,738.72M,0.50+ACU-
11/11/2019,7328.54,7359.38,7359.38,7258.46,821.77M,+AC0-0.42+ACU-
08/11/2019,7359.38,7406.41,7406.83,7349.12,535.07M,+AC0-0.63+ACU-
07/11/2019,7406.41,7396.65,7431.94,7396,668.25M,0.13+ACU-
06/11/2019,7396.65,7388.08,7398.78,7363.55,601.83M,0.12+ACU-
05/11/2019,7388.08,7369.69,7402.79,7369.61,673.19M,0.25+ACU-
04/11/2019,7369.69,7302.42,7392.73,7302.42,582.16M,0.92+ACU-
01/11/2019,7302.42,7248.38,7307.18,7248.38,582.08M,0.75+ACU-
31/10/2019,7248.38,7330.78,7335.16,7245.23,847.65M,+AC0-1.12+ACU-
30/10/2019,7330.78,7306.26,7334.04,7278.18,672.19M,0.34+ACU-
29/10/2019,7306.26,7331.28,7335.73,7264.74,710.02M,+AC0-0.34+ACU-
28/10/2019,7331.28,7324.47,7346.92,7291.59,676.04M,0.09+ACU-
25/10/2019,7324.47,7328.25,7331.17,7279.78,580.30M,+AC0-0.05+ACU-
24/10/2019,7328.25,7260.74,7338.87,7255.46,733.23M,0.93+ACU-
23/10/2019,7260.74,7212.49,7265.86,7194.13,764.42M,0.67+ACU-
22/10/2019,7212.49,7163.64,7230.17,7146.69,800.69M,0.68+ACU-
21/10/2019,7163.64,7150.57,7197.53,7139.38,853.63M,0.18+ACU-
18/10/2019,7150.57,7182.32,7197.14,7146.11,869.34M,+AC0-0.44+ACU-
17/10/2019,7182.32,7167.95,7237.78,7162.04,1.13B,0.20+ACU-
16/10/2019,7167.95,7211.64,7217.63,7149.84,1.00B,+AC0-0.61+ACU-
15/10/2019,7211.64,7213.45,7242.37,7176.67,1.12B,+AC0-0.03+ACU-
14/10/2019,7213.45,7247.08,7251.8,7194.21,780.57M,+AC0-0.46+ACU-
11/10/2019,7247.08,7186.36,7250.09,7144.66,1.51B,0.84+ACU-
10/10/2019,7186.36,7166.5,7212.9,7130.52,700.02M,0.28+ACU-
09/10/2019,7166.5,7143.15,7196.41,7139.9,582.02M,0.33+ACU-
08/10/2019,7143.15,7197.88,7223.86,7143.15,691.68M,+AC0-0.76+ACU-
07/10/2019,7197.88,7155.38,7206.89,7132.98,551.39M,0.59+ACU-
04/10/2019,7155.38,7077.64,7157.75,7077.4,588.78M,1.10+ACU-
03/10/2019,7077.64,7122.54,7129.02,7004.43,635.55M,+AC0-0.63+ACU-
02/10/2019,7122.54,7360.32,7360.32,7119.72,747.80M,+AC0-3.23+ACU-
01/10/2019,7360.32,7408.21,7433.24,7352.83,734.56M,+AC0-0.65+ACU-
30/09/2019,7408.21,7426.21,7439.62,7402.2,655.55M,+AC0-0.24+ACU-
27/09/2019,7426.21,7351.08,7440.77,7351,583.85M,1.02+ACU-
26/09/2019,7351.08,7289.99,7387.09,7277.15,704.71M,0.84+ACU-
25/09/2019,7289.99,7291.43,7292,7212.96,704.55M,+AC0-0.02+ACU-
24/09/2019,7291.43,7326.08,7348.97,7281.91,588.77M,+AC0-0.47+ACU-
23/09/2019,7326.08,7344.92,7362.3,7284.75,489.65M,+AC0-0.26+ACU-
20/09/2019,7344.92,7356.42,7376.31,7322.01,1.66B,+AC0-0.16+ACU-
19/09/2019,7356.42,7314.05,7373.08,7290.69,632.74M,0.58+ACU-
18/09/2019,7314.05,7320.4,7350.52,7300.37,642.71M,+AC0-0.09+ACU-
17/09/2019,7320.4,7321.41,7350.24,7292.23,698.42M,+AC0-0.01+ACU-
16/09/2019,7321.41,7367.46,7378.32,7321.41,908.26M,+AC0-0.63+ACU-
13/09/2019,7367.46,7344.67,7380.29,7318.23,1.00B,0.31+ACU-
12/09/2019,7344.67,7338.03,7369.34,7303.17,725.26M,0.09+ACU-
11/09/2019,7338.03,7267.95,7346.71,7267.95,829.12M,0.96+ACU-
10/09/2019,7267.95,7235.81,7270.5,7199.4,1.03B,0.44+ACU-
09/09/2019,7235.81,7282.34,7325.21,7205.98,794.83M,+AC0-0.64+ACU-
06/09/2019,7282.34,7271.17,7284.11,7244.13,692.28M,0.15+ACU-
05/09/2019,7271.17,7311.26,7330.71,7250.63,711.30M,+AC0-0.55+ACU-
04/09/2019,7311.26,7268.19,7334.55,7268.19,677.43M,0.59+ACU-
03/09/2019,7268.19,7281.94,7301.47,7239.1,626.09M,+AC0-0.19+ACU-
02/09/2019,7281.94,7207.18,7315.26,7206.9,497.75M,1.04+ACU-
30/08/2019,7207.18,7184.32,7240.37,7179.7,727.84M,0.32+ACU-
29/08/2019,7184.32,7114.71,7199.2,7103.12,635.67M,0.98+ACU-
28/08/2019,7114.71,7089.58,7131.21,7050,675.63M,0.35+ACU-
27/08/2019,7089.58,7094.98,7110.76,7044.73,851.39M,+AC0-0.08+ACU-
23/08/2019,7094.98,7128.18,7188.59,7094.98,643.00M,+AC0-0.47+ACU-
22/08/2019,7128.18,7203.97,7203.97,7103.67,653.34M,+AC0-1.05+ACU-
21/08/2019,7203.97,7125,7215.53,7122.12,604.70M,1.11+ACU-
20/08/2019,7125,7189.65,7231.65,7121.24,766.07M,+AC0-0.90+ACU-
19/08/2019,7189.65,7117.15,7214.23,7117.15,612.86M,1.02+ACU-
16/08/2019,7117.15,7067.01,7125.9,7067.01,651.94M,0.71+ACU-
15/08/2019,7067.01,7147.88,7148.75,7020.22,806.74M,+AC0-1.13+ACU-
14/08/2019,7147.88,7250.9,7268.73,7112.05,811.52M,+AC0-1.42+ACU-
13/08/2019,7250.9,7226.72,7281.14,7166.86,698.40M,0.33+ACU-
12/08/2019,7226.72,7253.85,7305.56,7207.46,585.46M,+AC0-0.37+ACU-
09/08/2019,7253.85,7285.9,7297.28,7237.13,819.38M,+AC0-0.44+ACU-
08/08/2019,7285.9,7198.7,7285.9,7191.25,748.51M,1.21+ACU-
07/08/2019,7198.7,7171.69,7237.88,7153.89,758.26M,0.38+ACU-
06/08/2019,7171.69,7223.85,7241.57,7166.98,816.23M,+AC0-0.72+ACU-
05/08/2019,7223.85,7407.06,7407.06,7200.54,1.28B,+AC0-2.47+ACU-
02/08/2019,7407.06,7584.87,7585.24,7397.91,1.06B,+AC0-2.34+ACU-
01/08/2019,7584.87,7586.78,7609.98,7535.9,843.10M,+AC0-0.03+ACU-
31/07/2019,7586.78,7646.77,7648.2,7576.12,1.13B,+AC0-0.78+ACU-
30/07/2019,7646.77,7686.61,7727.49,7643.65,847.75M,+AC0-0.52+ACU-
29/07/2019,7686.61,7549.06,7711.34,7548.86,782.74M,1.82+ACU-
26/07/2019,7549.06,7489.05,7553.55,7486.74,799.73M,0.80+ACU-
25/07/2019,7489.05,7501.46,7542.64,7462.73,651.31M,+AC0-0.17+ACU-
24/07/2019,7501.46,7556.86,7558.01,7479.07,657.12M,+AC0-0.73+ACU-
23/07/2019,7556.86,7514.93,7598.6,7514.93,654.56M,0.56+ACU-
22/07/2019,7514.93,7508.7,7549.71,7491.79,528.99M,0.08+ACU-
19/07/2019,7508.7,7493.09,7546.65,7475.49,593.42M,0.21+ACU-
18/07/2019,7493.09,7535.46,7535.46,7482.6,519.63M,+AC0-0.56+ACU-
17/07/2019,7535.46,7577.2,7577.2,7519.22,594.49M,+AC0-0.55+ACU-
16/07/2019,7577.2,7531.72,7590.07,7524.52,625.96M,0.60+ACU-
15/07/2019,7531.72,7505.97,7548.33,7487.44,497.44M,0.34+ACU-
12/07/2019,7505.97,7509.82,7537.1,7493.8,516.64M,+AC0-0.05+ACU-
11/07/2019,7509.82,7530.69,7558.34,7501.66,611.47M,+AC0-0.28+ACU-
10/07/2019,7530.69,7536.47,7559.12,7515.61,559.06M,+AC0-0.08+ACU-
09/07/2019,7536.47,7549.27,7553.3,7517.94,559.72M,+AC0-0.17+ACU-
08/07/2019,7549.27,7553.14,7571.34,7538.67,554.95M,+AC0-0.05+ACU-
05/07/2019,7553.14,7603.58,7603.61,7541.86,537.93M,+AC0-0.66+ACU-
04/07/2019,7603.58,7609.32,7622.58,7601.33,502.80M,+AC0-0.08+ACU-
03/07/2019,7609.32,7559.19,7621.02,7558.47,703.62M,0.66+ACU-
02/07/2019,7559.19,7497.5,7565.27,7497.5,573.57M,0.82+ACU-
01/07/2019,7497.5,7425.63,7530.24,7425.63,654.27M,0.97+ACU-
28/06/2019,7425.63,7402.33,7436.18,7398.92,730.44M,0.31+ACU-
27/06/2019,7402.33,7416.39,7439.43,7375.51,665.86M,+AC0-0.19+ACU-
26/06/2019,7416.39,7422.43,7435.9,7405.54,673.95M,+AC0-0.08+ACU-
25/06/2019,7422.43,7416.69,7429.72,7373.22,626.13M,0.08+ACU-
24/06/2019,7416.69,7407.5,7435.54,7399.56,646.88M,0.12+ACU-
21/06/2019,7407.5,7424.44,7456.79,7382.94,1.49B,+AC0-0.23+ACU-
20/06/2019,7424.44,7403.54,7460.83,7403.54,698.66M,0.28+ACU-
19/06/2019,7403.54,7443.04,7454.93,7399.17,774.63M,+AC0-0.53+ACU-
18/06/2019,7443.04,7357.31,7469.19,7345.55,823.67M,1.17+ACU-
17/06/2019,7357.31,7345.78,7370.7,7324.54,548.16M,0.16+ACU-
14/06/2019,7345.78,7368.57,7368.8,7316.44,629.60M,+AC0-0.31+ACU-
13/06/2019,7368.57,7367.62,7398.61,7350.98,627.57M,0.01+ACU-
12/06/2019,7367.62,7398.45,7398.45,7329.26,824.87M,+AC0-0.42+ACU-
11/06/2019,7398.45,7375.54,7420.73,7375.54,690.48M,0.31+ACU-
10/06/2019,7375.54,7331.94,7380.14,7331.94,460.89M,0.59+ACU-
07/06/2019,7331.94,7259.85,7347.41,7258.16,610.88M,0.99+ACU-
06/06/2019,7259.85,7220.22,7275.66,7218.67,640.48M,0.55+ACU-
05/06/2019,7220.22,7216.74,7259.24,7201.36,768.03M,0.08+ACU-
04/06/2019,7214.29,7184.8,7223.96,7138.14,855.20M,0.41+ACU-
03/06/2019,7184.8,7161.71,7186.71,7079.71,733.57M,0.32+ACU-
31/05/2019,7161.71,7218.16,7218.16,7130.85,870.74M,+AC0-0.78+ACU-
30/05/2019,7218.16,7185.3,7236.68,7180.57,658.19M,0.46+ACU-
29/05/2019,7185.3,7268.95,7268.95,7151.37,673.07M,+AC0-1.15+ACU-
28/05/2019,7268.95,7277.73,7314.85,7262.8,1.19B,+AC0-0.12+ACU-
24/05/2019,7277.73,7231.04,7303.04,7231.01,653.15M,0.65+ACU-
23/05/2019,7231.04,7334.19,7334.19,7211.33,819.67M,+AC0-1.41+ACU-
22/05/2019,7334.19,7328.92,7373.27,7313.55,825.72M,0.07+ACU-
21/05/2019,7328.92,7310.88,7370.02,7310.88,772.49M,0.25+ACU-
20/05/2019,7310.88,7348.62,7360.34,7268.63,755.12M,+AC0-0.51+ACU-
17/05/2019,7348.62,7353.51,7354.22,7307.33,763.92M,+AC0-0.07+ACU-
16/05/2019,7353.51,7296.95,7353.51,7265.77,676.25M,0.78+ACU-
15/05/2019,7296.95,7241.6,7303.73,7223.08,834.95M,0.76+ACU-
14/05/2019,7241.6,7163.68,7241.6,7163.68,743.86M,1.09+ACU-
13/05/2019,7163.68,7203.29,7217.12,7150.89,797.46M,+AC0-0.55+ACU-
10/05/2019,7203.29,7207.41,7268.17,7189.88,637.29M,+AC0-0.06+ACU-
09/05/2019,7207.41,7271,7271,7192.18,880.88M,+AC0-0.87+ACU-
08/05/2019,7271,7260.47,7278.26,7222.88,834.24M,0.15+ACU-
07/05/2019,7260.47,7380.64,7380.64,7251.03,907.82M,+AC0-1.63+ACU-
03/05/2019,7380.64,7351.31,7418.17,7350.01,476.58M,0.40+ACU-
02/05/2019,7351.31,7385.26,7393.94,7339.45,637.48M,+AC0-0.46+ACU-
01/05/2019,7385.26,7418.22,7446.46,7379.65,347.13M,+AC0-0.44+ACU-
30/04/2019,7418.22,7440.66,7451.32,7394.07,774.32M,+AC0-0.30+ACU-
29/04/2019,7440.66,7428.19,7456.49,7406.53,506.41M,0.17+ACU-
26/04/2019,7428.19,7434.13,7442.21,7398.57,865.75M,+AC0-0.08+ACU-
25/04/2019,7434.13,7471.75,7473.32,7405.99,695.23M,+AC0-0.50+ACU-
24/04/2019,7471.75,7523.07,7523.79,7456.74,703.75M,+AC0-0.68+ACU-
23/04/2019,7523.07,7459.88,7528.93,7459.88,795.96M,0.85+ACU-
18/04/2019,7459.88,7471.32,7475.91,7437.87,536.60M,+AC0-0.15+ACU-
17/04/2019,7471.32,7469.92,7478.95,7445.12,665.16M,0.02+ACU-
16/04/2019,7469.92,7436.87,7485.93,7436.87,642.95M,0.44+ACU-
15/04/2019,7436.87,7437.06,7447.08,7420.27,527.42M,0.00+ACU-
12/04/2019,7437.06,7417.95,7454.78,7415,718.44M,0.26+ACU-
11/04/2019,7417.95,7421.91,7441.89,7383.47,649.07M,+AC0-0.05+ACU-
10/04/2019,7421.91,7425.57,7441.36,7409.39,587.36M,+AC0-0.05+ACU-
09/04/2019,7425.57,7451.89,7477.62,7413.27,672.46M,+AC0-0.35+ACU-
08/04/2019,7451.89,7446.87,7459.93,7420.41,588.84M,0.07+ACU-
05/04/2019,7446.87,7401.94,7461.39,7400.79,700.98M,0.61+ACU-
04/04/2019,7401.94,7418.28,7418.43,7367.44,696.56M,+AC0-0.22+ACU-
03/04/2019,7418.28,7391.12,7418.31,7380.93,908.00M,0.37+ACU-
02/04/2019,7391.12,7317.38,7403.56,7316.81,742.82M,1.01+ACU-
